{"name": "scenario_8", "data": {"Transport|Total": {"winterValue": 14206.51589275, "summerValue": 14693.754766875003, "yearValue": 28900.270659625003, "unit": "Total GWh per time interval"}, "Transport|Hydrogen": {"winterValue": 4.88694558, "summerValue": 4.88694558, "yearValue": 9.77389116, "unit": "Total GWh per time interval"}, "Transport|Gas": {"winterValue": 2832.8810699999995, "summerValue": 2832.8810699999995, "yearValue": 5665.762139999999, "unit": "Total GWh per time interval"}, "Transport|Liquid petroleum products": {"winterValue": 0.0, "summerValue": 0.0, "yearValue": 0.0, "unit": "Total GWh per time interval"}, "Transport|Electricity": {"winterValue": 11368.747465450002, "summerValue": 11855.9864061875, "yearValue": 23224.7338716375, "unit": "Total GWh per time interval"}, "Residential heating|Total": {"winterValue": 23718.477057625, "summerValue": 9323.403581257498, "yearValue": 33041.8806388825, "unit": "Total GWh per time interval"}, "Residential heating|Biomass": {"winterValue": 9444.61461912375, "summerValue": 3325.3405522650005, "yearValue": 12769.95517138875, "unit": "Total GWh per time interval"}, "Residential heating|Gas": {"winterValue": 1178.343877851875, "summerValue": 489.00109280187513, "yearValue": 1667.3449706537501, "unit": "Total GWh per time interval"}, "Residential heating|Liquid petroleum products": {"winterValue": 0.0, "summerValue": 0.0, "yearValue": 0.0, "unit": "Total GWh per time interval"}, "Residential heating|Heat pumps|Total": {"winterValue": 12649.00029225625, "summerValue": 4771.996407993126, "yearValue": 17420.996700249376, "unit": "Total GWh per time interval"}, "Residential heating|Heat pumps|Air source": {"winterValue": 7892.943448543751, "summerValue": 2768.79403210125, "yearValue": 10661.737480645003, "unit": "Total GWh per time interval"}, "Residential heating|Heat pumps|Ground source": {"winterValue": 4756.056798543751, "summerValue": 2003.202391815, "yearValue": 6759.259190358751, "unit": "Total GWh per time interval"}, "Residential heating|Electric heater": {"winterValue": 155.97452655, "summerValue": 0.0, "yearValue": 155.97452655, "unit": "Total GWh per time interval"}, "Residential heating|Solar thermal": {"winterValue": 290.54378646437493, "summerValue": 737.0654731281248, "yearValue": 1027.6092595924997, "unit": "Total GWh per time interval"}, "Distric heating|Total": {"winterValue": 12956.81476725, "summerValue": 8225.978405187501, "yearValue": 21182.7931724375, "unit": "Total GWh per time interval"}, "Distric heating|Geothermal": {"winterValue": 314.7898610118751, "summerValue": 258.541473505625, "yearValue": 573.3313345175001, "unit": "Total GWh per time interval"}, "Distric heating|CHP|Total": {"winterValue": 12642.02497025, "summerValue": 7967.436928625, "yearValue": 20609.461898875, "unit": "Total GWh per time interval"}, "Distric heating|CHP|Gas": {"winterValue": 6809.64262016875, "summerValue": 1926.0970464218751, "yearValue": 8735.739666590625, "unit": "Total GWh per time interval"}, "Distric heating|CHP|Oil": {"winterValue": 0.0, "summerValue": 0.0, "yearValue": 0.0, "unit": "Total GWh per time interval"}, "Distric heating|CHP|Wood": {"winterValue": 1450.4724780000004, "summerValue": 1450.4724780000004, "yearValue": 2900.9449560000007, "unit": "Total GWh per time interval"}, "Distric heating|CHP|Waste": {"winterValue": 4381.9097689687505, "summerValue": 4590.86731774375, "yearValue": 8972.7770867125, "unit": "Total GWh per time interval"}, "Distric heating|Solar thermal": {"winterValue": 0.0, "summerValue": 0.0, "yearValue": 0.0, "unit": "Total GWh per time interval"}, "Industrial heating|Total": {"winterValue": 10600.695196187498, "summerValue": 8730.5967178125, "yearValue": 19331.291913999998, "unit": "Total GWh per time interval"}, "Industrial heating|Geothermal": {"winterValue": 5340.006649825001, "summerValue": 4225.5508422125, "yearValue": 9565.5574920375, "unit": "Total GWh per time interval"}, "Industrial heating|Solar thermal": {"winterValue": 0.0, "summerValue": 0.0, "yearValue": 0.0, "unit": "Total GWh per time interval"}, "Industrial heating|Electric heater": {"winterValue": 0.0, "summerValue": 0.0, "yearValue": 0.0, "unit": "Total GWh per time interval"}, "Industrial heating|CHP|Total": {"winterValue": 1093.9779635, "summerValue": 868.31640461875, "yearValue": 1962.2943681187498, "unit": "Total GWh per time interval"}, "Industrial heating|CHP|Gas": {"winterValue": 0.0, "summerValue": 0.0, "yearValue": 0.0, "unit": "Total GWh per time interval"}, "Industrial heating|CHP|Hydrogen": {"winterValue": 0.0, "summerValue": 0.0, "yearValue": 0.0, "unit": "Total GWh per time interval"}, "Industrial heating|CHP|Wood": {"winterValue": 0.0, "summerValue": 0.0, "yearValue": 0.0, "unit": "Total GWh per time interval"}, "Industrial heating|CHP|Waste": {"winterValue": 1093.9779635, "summerValue": 868.31640461875, "yearValue": 1962.2943681187498, "unit": "Total GWh per time interval"}, "Industrial heating|CHP|Oil": {"winterValue": 0.0, "summerValue": 0.0, "yearValue": 0.0, "unit": "Total GWh per time interval"}, "Industrial heating|Burner|Total": {"winterValue": 4166.7106412625, "summerValue": 3636.7295900625, "yearValue": 7803.440231324999, "unit": "Total GWh per time interval"}, "Industrial heating|Burner|Gas": {"winterValue": 1880.6647730375, "summerValue": 1490.4481275375, "yearValue": 3371.112900575, "unit": "Total GWh per time interval"}, "Industrial heating|Burner|Hydrogen": {"winterValue": 0.0, "summerValue": 0.0, "yearValue": 0.0, "unit": "Total GWh per time interval"}, "Industrial heating|Burner|Wood": {"winterValue": 0.0, "summerValue": 0.0, "yearValue": 0.0, "unit": "Total GWh per time interval"}, "Industrial heating|Burner|Waste": {"winterValue": 2286.0458937750004, "summerValue": 2146.2814762124995, "yearValue": 4432.3273699875, "unit": "Total GWh per time interval"}, "Industrial heating|Burner|Oil": {"winterValue": 0.0, "summerValue": 0.0, "yearValue": 0.0, "unit": "Total GWh per time interval"}, "Industrial heating|Burner|Coal": {"winterValue": 0.0, "summerValue": 0.0, "yearValue": 0.0, "unit": "Total GWh per time interval"}, "Electricity|Total": {"winterValue": 36601.617450875005, "summerValue": 35882.976670625, "yearValue": 72484.5941215, "unit": "Total GWh per time interval"}, "Electricity|Thermal": {"winterValue": 13579.5992064375, "summerValue": 5627.58055443125, "yearValue": 19207.17976086875, "unit": "Total GWh per time interval"}, "Electricity|Thermal|Hydrogen": {"winterValue": 0.0, "summerValue": 0.0, "yearValue": 0.0, "unit": "Total GWh per time interval"}, "Electricity|Thermal|Gas": {"winterValue": 12687.6773224375, "summerValue": 4719.900172430625, "yearValue": 17407.577494868125, "unit": "Total GWh per time interval"}, "Electricity|Thermal|Wood": {"winterValue": 0.0, "summerValue": 0.0, "yearValue": 0.0, "unit": "Total GWh per time interval"}, "Electricity|Thermal|Waste": {"winterValue": 891.92187624375, "summerValue": 907.68036343125, "yearValue": 1799.602239675, "unit": "Total GWh per time interval"}, "Electricity|Thermal|Biogas": {"winterValue": 0.0, "summerValue": 0.0, "yearValue": 0.0, "unit": "Total GWh per time interval"}, "Electricity|Thermal|Geothermal": {"winterValue": 0.0, "summerValue": 0.0, "yearValue": 0.0, "unit": "Total GWh per time interval"}, "Electricity|Hydro|Total": {"winterValue": 18539.271433375, "summerValue": 19050.767687375, "yearValue": 37590.03912075, "unit": "Total GWh per time interval"}, "Electricity|Hydro|Dams": {"winterValue": 10995.32145276875, "summerValue": 8772.3707287375, "yearValue": 19767.692181506252, "unit": "Total GWh per time interval"}, "Electricity|Hydro|RoR": {"winterValue": 7543.949867, "summerValue": 10278.3969111875, "yearValue": 17822.3467781875, "unit": "Total GWh per time interval"}, "Electricity|Nuclear": {"winterValue": 0.0, "summerValue": 0.0, "yearValue": 0.0, "unit": "Total GWh per time interval"}, "Electricity|Solar": {"winterValue": 4481.732530401876, "summerValue": 11204.628346009376,