{"name": "scenario_10", "data": {"Transport|Total": {"winterValue": 14206.507835375, "summerValue": 14693.746709500003, "yearValue": 28900.254544875002, "unit": "Total GWh per time interval"}, "Transport|Hydrogen": {"winterValue": 4.926816720000001, "summerValue": 4.926816720000001, "yearValue": 9.853633440000001, "unit": "Total GWh per time interval"}, "Transport|Gas": {"winterValue": 2832.833328, "summerValue": 2832.833328, "yearValue": 5665.666656, "unit": "Total GWh per time interval"}, "Transport|Liquid petroleum products": {"winterValue": 0.0, "summerValue": 0.0, "yearValue": 0.0, "unit": "Total GWh per time interval"}, "Transport|Electricity": {"winterValue": 11368.747465450002, "summerValue": 11855.9864061875, "yearValue": 23224.7338716375, "unit": "Total GWh per time interval"}, "Residential heating|Total": {"winterValue": 20579.94549178125, "summerValue": 8643.353847454375, "yearValue": 29223.299339235626, "unit": "Total GWh per time interval"}, "Residential heating|Biomass": {"winterValue": 10372.665711212498, "summerValue": 3359.9211681468755, "yearValue": 13732.586879359373, "unit": "Total GWh per time interval"}, "Residential heating|Gas": {"winterValue": 0.0, "summerValue": 0.0, "yearValue": 0.0, "unit": "Total GWh per time interval"}, "Residential heating|Liquid petroleum products": {"winterValue": 0.0, "summerValue": 0.0, "yearValue": 0.0, "unit": "Total GWh per time interval"}, "Residential heating|Heat pumps|Total": {"winterValue": 9606.393149099998, "summerValue": 4010.8180672043745, "yearValue": 13617.211216304373, "unit": "Total GWh per time interval"}, "Residential heating|Heat pumps|Air source": {"winterValue": 4803.295638971875, "summerValue": 2054.656300195, "yearValue": 6857.951939166875, "unit": "Total GWh per time interval"}, "Residential heating|Heat pumps|Ground source": {"winterValue": 4803.097502143751, "summerValue": 1956.161726494375, "yearValue": 6759.259228638126, "unit": "Total GWh per time interval"}, "Residential heating|Electric heater": {"winterValue": 121.92638850000002, "summerValue": 91.44479137500001, "yearValue": 213.37117987500002, "unit": "Total GWh per time interval"}, "Residential heating|Solar thermal": {"winterValue": 478.960129955625, "summerValue": 1181.1697933075, "yearValue": 1660.129923263125, "unit": "Total GWh per time interval"}, "Distric heating|Total": {"winterValue": 6859.80341905, "summerValue": 5205.759427175, "yearValue": 12065.562846225, "unit": "Total GWh per time interval"}, "Distric heating|Geothermal": {"winterValue": 0.0, "summerValue": 0.0, "yearValue": 0.0, "unit": "Total GWh per time interval"}, "Distric heating|CHP|Total": {"winterValue": 6859.80341905, "summerValue": 5205.759427175, "yearValue": 12065.562846225, "unit": "Total GWh per time interval"}, "Distric heating|CHP|Gas": {"winterValue": 640.5473577743751, "summerValue": 87.09319704375001, "yearValue": 727.6405548181251, "unit": "Total GWh per time interval"}, "Distric heating|CHP|Oil": {"winterValue": 0.0, "summerValue": 0.0, "yearValue": 0.0, "unit": "Total GWh per time interval"}, "Distric heating|CHP|Wood": {"winterValue": 1927.869264, "summerValue": 1927.869264, "yearValue": 3855.738528, "unit": "Total GWh per time interval"}, "Distric heating|CHP|Waste": {"winterValue": 4291.386772775, "summerValue": 3190.7969706937506, "yearValue": 7482.183743468751, "unit": "Total GWh per time interval"}, "Distric heating|Solar thermal": {"winterValue": 0.0, "summerValue": 0.0, "yearValue": 0.0, "unit": "Total GWh per time interval"}, "Industrial heating|Total": {"winterValue": 11051.204120312497, "summerValue": 10677.230869062501, "yearValue": 21728.434989374997, "unit": "Total GWh per time interval"}, "Industrial heating|Geothermal": {"winterValue": 5686.644843937501, "summerValue": 4452.2440932125, "yearValue": 10138.88893715, "unit": "Total GWh per time interval"}, "Industrial heating|Solar thermal": {"winterValue": 0.0, "summerValue": 0.0, "yearValue": 0.0, "unit": "Total GWh per time interval"}, "Industrial heating|Electric heater": {"winterValue": 25.93305116625, "summerValue": 1398.86047288125, "yearValue": 1424.7935240475, "unit": "Total GWh per time interval"}, "Industrial heating|CHP|Total": {"winterValue": 1191.7372824325, "summerValue": 2380.3078836299997, "yearValue": 3572.0451660624994, "unit": "Total GWh per time interval"}, "Industrial heating|CHP|Gas": {"winterValue": 0.0, "summerValue": 0.0, "yearValue": 0.0, "unit": "Total GWh per time interval"}, "Industrial heating|CHP|Hydrogen": {"winterValue": 0.0, "summerValue": 0.0, "yearValue": 0.0, "unit": "Total GWh per time interval"}, "Industrial heating|CHP|Wood": {"winterValue": 0.0, "summerValue": 0.0, "yearValue": 0.0, "unit": "Total GWh per time interval"}, "Industrial heating|CHP|Waste": {"winterValue": 1191.7372824325, "summerValue": 2380.3078836299997, "yearValue": 3572.0451660624994, "unit": "Total GWh per time interval"}, "Industrial heating|CHP|Oil": {"winterValue": 0.0, "summerValue": 0.0, "yearValue": 0.0, "unit": "Total GWh per time interval"}, "Industrial heating|Burner|Total": {"winterValue": 4146.88905939375, "summerValue": 2445.8184670625, "yearValue": 6592.70752645625, "unit": "Total GWh per time interval"}, "Industrial heating|Burner|Gas": {"winterValue": 1860.8431413462497, "summerValue": 299.53698309375, "yearValue": 2160.3801244399997, "unit": "Total GWh per time interval"}, "Industrial heating|Burner|Hydrogen": {"winterValue": 0.0, "summerValue": 0.0, "yearValue": 0.0, "unit": "Total GWh per time interval"}, "Industrial heating|Burner|Wood": {"winterValue": 0.0, "summerValue": 0.0, "yearValue": 0.0, "unit": "Total GWh per time interval"}, "Industrial heating|Burner|Waste": {"winterValue": 2286.0458937750004, "summerValue": 2146.2814762124995, "yearValue": 4432.3273699875, "unit": "Total GWh per time interval"}, "Industrial heating|Burner|Oil": {"winterValue": 0.0, "summerValue": 0.0, "yearValue": 0.0, "unit": "Total GWh per time interval"}, "Industrial heating|Burner|Coal": {"winterValue": 0.0, "summerValue": 0.0, "yearValue": 0.0, "unit": "Total GWh per time interval"}, "Electricity|Total": {"winterValue": 36927.373243999995, "summerValue": 38983.377906937494, "yearValue": 75910.75115093749, "unit": "Total GWh per time interval"}, "Electricity|Thermal": {"winterValue": 4506.465824149999, "summerValue": 1246.9134156437499, "yearValue": 5753.379239793749, "unit": "Total GWh per time interval"}, "Electricity|Thermal|Hydrogen": {"winterValue": 0.0, "summerValue": 0.0, "yearValue": 0.0, "unit": "Total GWh per time interval"}, "Electricity|Thermal|Gas": {"winterValue": 3621.3707432000006, "summerValue": 444.81906003125, "yearValue": 4066.1898032312506, "unit": "Total GWh per time interval"}, "Electricity|Thermal|Wood": {"winterValue": 0.0, "summerValue": 0.0, "yearValue": 0.0, "unit": "Total GWh per time interval"}, "Electricity|Thermal|Waste": {"winterValue": 885.0950918999998, "summerValue": 802.0943629125001, "yearValue": 1687.1894548125, "unit": "Total GWh per time interval"}, "Electricity|Thermal|Biogas": {"winterValue": 0.0, "summerValue": 0.0, "yearValue": 0.0, "unit": "Total GWh per time interval"}, "Electricity|Thermal|Geothermal": {"winterValue": 0.0, "summerValue": 0.0, "yearValue": 0.0, "unit": "Total GWh per time interval"}, "Electricity|Hydro|Total": {"winterValue": 20578.985758500003, "summerValue": 17011.053302937504, "yearValue": 37590.03906143751, "unit": "Total GWh per time interval"}, "Electricity|Hydro|Dams": {"winterValue": 13035.035816218748, "summerValue": 6732.656313274999, "yearValue": 19767.692129493746, "unit": "Total GWh per time interval"}, "Electricity|Hydro|RoR": {"winterValue": 7543.949867, "summerValue": 10278.396924875002, "yearValue": 17822.346791875003, "unit": "Total GWh per time interval"}, "Electricity|Nuclear": {"winterValue": 0.0, "summerValue": 0.0, "yearValue": 0.0, "unit": "Total GWh per time interval"}, "Electricity|Solar": {"winterValue": 9653.898254746875, "summerValue": 19057.192910626873,