{"name": "scenario_3", "data": {"Transport|Total": {"winterValue": 14206.506685625, "summerValue": 14693.745623625, "yearValue": 28900.252309249998, "unit": "Total GWh per time interval"}, "Transport|Hydrogen": {"winterValue": 4.933031940000001, "summerValue": 4.933031940000001, "yearValue": 9.866063880000002, "unit": "Total GWh per time interval"}, "Transport|Gas": {"winterValue": 2832.8258819999996, "summerValue": 2832.8258819999996, "yearValue": 5665.651763999999, "unit": "Total GWh per time interval"}, "Transport|Liquid petroleum products": {"winterValue": 0.0, "summerValue": 0.0, "yearValue": 0.0, "unit": "Total GWh per time interval"}, "Transport|Electricity": {"winterValue": 11368.747465450002, "summerValue": 11855.9864061875, "yearValue": 23224.7338716375, "unit": "Total GWh per time interval"}, "Residential heating|Total": {"winterValue": 20566.6864310625, "summerValue": 8633.66441341625, "yearValue": 29200.35084447875, "unit": "Total GWh per time interval"}, "Residential heating|Biomass": {"winterValue": 10358.7344423125, "summerValue": 3420.737296961875, "yearValue": 13779.471739274375, "unit": "Total GWh per time interval"}, "Residential heating|Gas": {"winterValue": 0.0, "summerValue": 0.0, "yearValue": 0.0, "unit": "Total GWh per time interval"}, "Residential heating|Liquid petroleum products": {"winterValue": 4.608125e-12, "summerValue": 0.0, "yearValue": 4.608125e-12, "unit": "Total GWh per time interval"}, "Residential heating|Heat pumps|Total": {"winterValue": 9638.70604475625, "summerValue": 4004.5701011381243, "yearValue": 13643.276145894375, "unit": "Total GWh per time interval"}, "Residential heating|Heat pumps|Air source": {"winterValue": 4820.637521025001, "summerValue": 2063.37932022, "yearValue": 6884.016841245, "unit": "Total GWh per time interval"}, "Residential heating|Heat pumps|Ground source": {"winterValue": 4818.06855366125, "summerValue": 1941.1907710175003, "yearValue": 6759.25932467875, "unit": "Total GWh per time interval"}, "Residential heating|Electric heater": {"winterValue": 122.50427475, "summerValue": 105.9084045625, "yearValue": 228.4126793125, "unit": "Total GWh per time interval"}, "Residential heating|Solar thermal": {"winterValue": 446.7416512218749, "summerValue": 1102.4486698381252, "yearValue": 1549.19032106, "unit": "Total GWh per time interval"}, "Distric heating|Total": {"winterValue": 6450.729032124999, "summerValue": 6000.923212062499, "yearValue": 12451.652244187499, "unit": "Total GWh per time interval"}, "Distric heating|Geothermal": {"winterValue": 3.0844325, "summerValue": 2.75595075, "yearValue": 5.84038325, "unit": "Total GWh per time interval"}, "Distric heating|CHP|Total": {"winterValue": 6447.6445676875, "summerValue": 5998.1670788125, "yearValue": 12445.8116465, "unit": "Total GWh per time interval"}, "Distric heating|CHP|Gas": {"winterValue": 0.0, "summerValue": 0.0, "yearValue": 0.0, "unit": "Total GWh per time interval"}, "Distric heating|CHP|Oil": {"winterValue": 0.0, "summerValue": 0.0, "yearValue": 0.0, "unit": "Total GWh per time interval"}, "Distric heating|CHP|Wood": {"winterValue": 1916.1480335999997, "summerValue": 1916.1480335999997, "yearValue": 3832.2960671999995, "unit": "Total GWh per time interval"}, "Distric heating|CHP|Waste": {"winterValue": 4531.496325125, "summerValue": 4082.01898225, "yearValue": 8613.515307375, "unit": "Total GWh per time interval"}, "Distric heating|Solar thermal": {"winterValue": 0.0, "summerValue": 0.0, "yearValue": 0.0, "unit": "Total GWh per time interval"}, "Industrial heating|Total": {"winterValue": 10761.9013060625, "summerValue": 9588.932022687499, "yearValue": 20350.83332875, "unit": "Total GWh per time interval"}, "Industrial heating|Geothermal": {"winterValue": 5656.810192887498, "summerValue": 4476.237798912501, "yearValue": 10133.047991799998, "unit": "Total GWh per time interval"}, "Industrial heating|Solar thermal": {"winterValue": 0.0, "summerValue": 0.0, "yearValue": 0.0, "unit": "Total GWh per time interval"}, "Industrial heating|Electric heater": {"winterValue": 0.0, "summerValue": 1009.1559910012498, "yearValue": 1009.1559910012498, "unit": "Total GWh per time interval"}, "Industrial heating|CHP|Total": {"winterValue": 932.4335109437499, "summerValue": 1417.8419296875002, "yearValue": 2350.27544063125, "unit": "Total GWh per time interval"}, "Industrial heating|CHP|Gas": {"winterValue": 0.0, "summerValue": 0.0, "yearValue": 0.0, "unit": "Total GWh per time interval"}, "Industrial heating|CHP|Hydrogen": {"winterValue": 0.0, "summerValue": 0.0, "yearValue": 0.0, "unit": "Total GWh per time interval"}, "Industrial heating|CHP|Wood": {"winterValue": 1.19856875e-10, "summerValue": 0.0, "yearValue": 1.19856875e-10, "unit": "Total GWh per time interval"}, "Industrial heating|CHP|Waste": {"winterValue": 932.4335109437499, "summerValue": 1417.8419296875002, "yearValue": 2350.27544063125, "unit": "Total GWh per time interval"}, "Industrial heating|CHP|Oil": {"winterValue": 0.0, "summerValue": 0.0, "yearValue": 0.0, "unit": "Total GWh per time interval"}, "Industrial heating|Burner|Total": {"winterValue": 4172.657561625, "summerValue": 2685.6961814499996, "yearValue": 6858.353743075, "unit": "Total GWh per time interval"}, "Industrial heating|Burner|Gas": {"winterValue": 1886.6116459499997, "summerValue": 539.4146961125, "yearValue": 2426.0263420624997, "unit": "Total GWh per time interval"}, "Industrial heating|Burner|Hydrogen": {"winterValue": 0.0, "summerValue": 0.0, "yearValue": 0.0, "unit": "Total GWh per time interval"}, "Industrial heating|Burner|Wood": {"winterValue": 8.04825e-11, "summerValue": 1.3797000000000002e-10, "yearValue": 2.1845250000000003e-10, "unit": "Total GWh per time interval"}, "Industrial heating|Burner|Waste": {"winterValue": 2286.0458937750004, "summerValue": 2146.2814762124995, "yearValue": 4432.3273699875, "unit": "Total GWh per time interval"}, "Industrial heating|Burner|Oil": {"winterValue": 5.748749999999999e-12, "summerValue": 0.0, "yearValue": 5.748749999999999e-12, "unit": "Total GWh per time interval"}, "Industrial heating|Burner|Coal": {"winterValue": 3.3917624999999995e-10, "summerValue": 1.5521624999999998e-10, "yearValue": 4.943925e-10, "unit": "Total GWh per time interval"}, "Electricity|Total": {"winterValue": 36879.880037125, "summerValue": 38214.5754185, "yearValue": 75094.455455625, "unit": "Total GWh per time interval"}, "Electricity|Thermal": {"winterValue": 903.2029006750003, "summerValue": 869.3056723312501, "yearValue": 1772.5085730062503, "unit": "Total GWh per time interval"}, "Electricity|Thermal|Hydrogen": {"winterValue": 0.0, "summerValue": 0.0, "yearValue": 0.0, "unit": "Total GWh per time interval"}, "Electricity|Thermal|Gas": {"winterValue": 0.0, "summerValue": 0.0, "yearValue": 0.0, "unit": "Total GWh per time interval"}, "Electricity|Thermal|Wood": {"winterValue": 0.0, "summerValue": 0.0, "yearValue": 0.0, "unit": "Total GWh per time interval"}, "Electricity|Thermal|Waste": {"winterValue": 903.2029006750003, "summerValue": 869.3056723312501, "yearValue": 1772.5085730062503, "unit": "Total GWh per time interval"}, "Electricity|Thermal|Biogas": {"winterValue": 4.6537500000000004e-12, "summerValue": 9.39875e-12, "yearValue": 1.4052500000000001e-11, "unit": "Total GWh per time interval"}, "Electricity|Thermal|Geothermal": {"winterValue": 0.0, "summerValue": 0.0, "yearValue": 0.0, "unit": "Total GWh per time interval"}, "Electricity|Hydro|Total": {"winterValue": 20578.985731125, "summerValue": 17011.053508249996, "yearValue": 37590.03923937499, "unit": "Total GWh per time interval"}, "Electricity|Hydro|Dams": {"winterValue": 13035.035801618751, "summerValue": 6732.65636665625, "yearValue": 19767.692168275, "unit": "Total GWh per time interval"}, "Electricity|Hydro|RoR": {"winterValue": 7543.949867, "summerValue": 10278.3969111875, "yearValue": 17822.3467781875, "unit": "Total GWh per time interval"}, "Electricity|Nuclear": {"winterValue": 0.0, "summerValue": 0.0,