{"name": "scenario_1", "data": {"Transport|Total": {"winterValue": 14206.51589275, "summerValue": 14693.754766875003, "yearValue": 28900.270659625003, "unit": "Total GWh per time interval"}, "Transport|Hydrogen": {"winterValue": 4.88694558, "summerValue": 4.88694558, "yearValue": 9.77389116, "unit": "Total GWh per time interval"}, "Transport|Gas": {"winterValue": 2832.8810699999995, "summerValue": 2832.8810699999995, "yearValue": 5665.762139999999, "unit": "Total GWh per time interval"}, "Transport|Liquid petroleum products": {"winterValue": 0.0, "summerValue": 0.0, "yearValue": 0.0, "unit": "Total GWh per time interval"}, "Transport|Electricity": {"winterValue": 11368.747465450002, "summerValue": 11855.9864061875, "yearValue": 23224.7338716375, "unit": "Total GWh per time interval"}, "Residential heating|Total": {"winterValue": 23718.856913124997, "summerValue": 9323.403583995, "yearValue": 33042.26049712, "unit": "Total GWh per time interval"}, "Residential heating|Biomass": {"winterValue": 9444.61460087375, "summerValue": 3325.3405522650005, "yearValue": 12769.955153138751, "unit": "Total GWh per time interval"}, "Residential heating|Gas": {"winterValue": 1178.723696395625, "summerValue": 489.001092710625, "yearValue": 1667.72478910625, "unit": "Total GWh per time interval"}, "Residential heating|Liquid petroleum products": {"winterValue": 0.0, "summerValue": 0.0, "yearValue": 0.0, "unit": "Total GWh per time interval"}, "Residential heating|Heat pumps|Total": {"winterValue": 12649.00029225625, "summerValue": 4771.996407993126, "yearValue": 17420.996700249376, "unit": "Total GWh per time interval"}, "Residential heating|Heat pumps|Air source": {"winterValue": 7892.943448543751, "summerValue": 2768.79403210125, "yearValue": 10661.737480645003, "unit": "Total GWh per time interval"}, "Residential heating|Heat pumps|Ground source": {"winterValue": 4756.056798543751, "summerValue": 2003.202391815, "yearValue": 6759.259190358751, "unit": "Total GWh per time interval"}, "Residential heating|Electric heater": {"winterValue": 155.97452655, "summerValue": 0.0, "yearValue": 155.97452655, "unit": "Total GWh per time interval"}, "Residential heating|Solar thermal": {"winterValue": 290.54378646437493, "summerValue": 737.0654731281248, "yearValue": 1027.6092595924997, "unit": "Total GWh per time interval"}, "Distric heating|Total": {"winterValue": 12955.489434000001, "summerValue": 8227.303715625, "yearValue": 21182.793149625002, "unit": "Total GWh per time interval"}, "Distric heating|Geothermal": {"winterValue": 313.46455335750005, "summerValue": 259.866781570625, "yearValue": 573.331334928125, "unit": "Total GWh per time interval"}, "Distric heating|CHP|Total": {"winterValue": 12642.0249565625, "summerValue": 7967.4369560000005, "yearValue": 20609.4619125625, "unit": "Total GWh per time interval"}, "Distric heating|CHP|Gas": {"winterValue": 6809.642614237501, "summerValue": 1926.0970686868748, "yearValue": 8735.739682924375, "unit": "Total GWh per time interval"}, "Distric heating|CHP|Oil": {"winterValue": 0.0, "summerValue": 0.0, "yearValue": 0.0, "unit": "Total GWh per time interval"}, "Distric heating|CHP|Wood": {"winterValue": 1450.4724780000004, "summerValue": 1450.4724780000004, "yearValue": 2900.9449560000007, "unit": "Total GWh per time interval"}, "Distric heating|CHP|Waste": {"winterValue": 4381.9097689687505, "summerValue": 4590.86731591875, "yearValue": 8972.7770848875, "unit": "Total GWh per time interval"}, "Distric heating|Solar thermal": {"winterValue": 0.0, "summerValue": 0.0, "yearValue": 0.0, "unit": "Total GWh per time interval"}, "Industrial heating|Total": {"winterValue": 10600.6274248125, "summerValue": 8730.596699562499, "yearValue": 19331.224124374996, "unit": "Total GWh per time interval"}, "Industrial heating|Geothermal": {"winterValue": 5340.006649825001, "summerValue": 4225.5508422125, "yearValue": 9565.5574920375, "unit": "Total GWh per time interval"}, "Industrial heating|Solar thermal": {"winterValue": 0.0, "summerValue": 0.0, "yearValue": 0.0, "unit": "Total GWh per time interval"}, "Industrial heating|Electric heater": {"winterValue": 0.0, "summerValue": 0.0, "yearValue": 0.0, "unit": "Total GWh per time interval"}, "Industrial heating|CHP|Total": {"winterValue": 1093.97796669375, "summerValue": 868.3164041625001, "yearValue": 1962.2943708562502, "unit": "Total GWh per time interval"}, "Industrial heating|CHP|Gas": {"winterValue": 0.0, "summerValue": 0.0, "yearValue": 0.0, "unit": "Total GWh per time interval"}, "Industrial heating|CHP|Hydrogen": {"winterValue": 0.0, "summerValue": 0.0, "yearValue": 0.0, "unit": "Total GWh per time interval"}, "Industrial heating|CHP|Wood": {"winterValue": 0.0, "summerValue": 0.0, "yearValue": 0.0, "unit": "Total GWh per time interval"}, "Industrial heating|CHP|Waste": {"winterValue": 1093.97796669375, "summerValue": 868.3164041625001, "yearValue": 1962.2943708562502, "unit": "Total GWh per time interval"}, "Industrial heating|CHP|Oil": {"winterValue": 0.0, "summerValue": 0.0, "yearValue": 0.0, "unit": "Total GWh per time interval"}, "Industrial heating|Burner|Total": {"winterValue": 4166.642906843751, "summerValue": 3636.7295900625, "yearValue": 7803.372496906251, "unit": "Total GWh per time interval"}, "Industrial heating|Burner|Gas": {"winterValue": 1880.5970363375, "summerValue": 1490.4481275375, "yearValue": 3371.045163875, "unit": "Total GWh per time interval"}, "Industrial heating|Burner|Hydrogen": {"winterValue": 0.0, "summerValue": 0.0, "yearValue": 0.0, "unit": "Total GWh per time interval"}, "Industrial heating|Burner|Wood": {"winterValue": 0.0, "summerValue": 0.0, "yearValue": 0.0, "unit": "Total GWh per time interval"}, "Industrial heating|Burner|Waste": {"winterValue": 2286.0458937750004, "summerValue": 2146.2814762124995, "yearValue": 4432.3273699875, "unit": "Total GWh per time interval"}, "Industrial heating|Burner|Oil": {"winterValue": 0.0, "summerValue": 0.0, "yearValue": 0.0, "unit": "Total GWh per time interval"}, "Industrial heating|Burner|Coal": {"winterValue": 0.0, "summerValue": 0.0, "yearValue": 0.0, "unit": "Total GWh per time interval"}, "Electricity|Total": {"winterValue": 36601.61732312499, "summerValue": 35882.9767345, "yearValue": 72484.59405762498, "unit": "Total GWh per time interval"}, "Electricity|Thermal": {"winterValue": 13579.5990513125, "summerValue": 5627.58054165625, "yearValue": 19207.17959296875, "unit": "Total GWh per time interval"}, "Electricity|Thermal|Hydrogen": {"winterValue": 0.0, "summerValue": 0.0, "yearValue": 0.0, "unit": "Total GWh per time interval"}, "Electricity|Thermal|Gas": {"winterValue": 12687.677190124998, "summerValue": 4719.9001508500005, "yearValue": 17407.577340974996, "unit": "Total GWh per time interval"}, "Electricity|Thermal|Wood": {"winterValue": 0.0, "summerValue": 0.0, "yearValue": 0.0, "unit": "Total GWh per time interval"}, "Electricity|Thermal|Waste": {"winterValue": 891.92187624375, "summerValue": 907.6803616062501, "yearValue": 1799.6022378500002, "unit": "Total GWh per time interval"}, "Electricity|Thermal|Biogas": {"winterValue": 0.0, "summerValue": 0.0, "yearValue": 0.0, "unit": "Total GWh per time interval"}, "Electricity|Thermal|Geothermal": {"winterValue": 0.0, "summerValue": 0.0, "yearValue": 0.0, "unit": "Total GWh per time interval"}, "Electricity|Hydro|Total": {"winterValue": 18539.271406, "summerValue": 19050.767669125, "yearValue": 37590.039075125, "unit": "Total GWh per time interval"}, "Electricity|Hydro|Dams": {"winterValue": 10995.3214450125, "summerValue": 8772.37063155625, "yearValue": 19767.69207656875, "unit": "Total GWh per time interval"}, "Electricity|Hydro|RoR": {"winterValue": 7543.949867, "summerValue": 10278.3969111875, "yearValue": 17822.3467781875, "unit": "Total GWh per time interval"}, "Electricity|Nuclear": {"winterValue": 0.0, "summerValue": 0.0, "yearValue": 0.0, "unit": "Total GWh per time interval"}, "Electricity|Solar": {"winterValue": 4481.732530401876,