{"name": "scenario_11", "data": {"Transport|Total": {"winterValue": 14206.500389375002, "summerValue": 14693.739546375, "yearValue": 28900.239935750003, "unit": "Total GWh per time interval"}, "Transport|Hydrogen": {"winterValue": 4.96283346, "summerValue": 4.96283346, "yearValue": 9.92566692, "unit": "Total GWh per time interval"}, "Transport|Gas": {"winterValue": 2832.7899660000003, "summerValue": 2832.7899660000003, "yearValue": 5665.579932000001, "unit": "Total GWh per time interval"}, "Transport|Liquid petroleum products": {"winterValue": 0.0, "summerValue": 0.0, "yearValue": 0.0, "unit": "Total GWh per time interval"}, "Transport|Electricity": {"winterValue": 11368.747465450002, "summerValue": 11855.9864061875, "yearValue": 23224.7338716375, "unit": "Total GWh per time interval"}, "Residential heating|Total": {"winterValue": 20546.887737887497, "summerValue": 8647.600704807499, "yearValue": 29194.488442694994, "unit": "Total GWh per time interval"}, "Residential heating|Biomass": {"winterValue": 9983.3664475875, "summerValue": 2839.2840752912502, "yearValue": 12822.65052287875, "unit": "Total GWh per time interval"}, "Residential heating|Gas": {"winterValue": 0.0, "summerValue": 0.0, "yearValue": 0.0, "unit": "Total GWh per time interval"}, "Residential heating|Liquid petroleum products": {"winterValue": 0.0, "summerValue": 0.0, "yearValue": 0.0, "unit": "Total GWh per time interval"}, "Residential heating|Heat pumps|Total": {"winterValue": 9699.564764599998, "summerValue": 4012.6170104018747, "yearValue": 13712.181775001873, "unit": "Total GWh per time interval"}, "Residential heating|Heat pumps|Air source": {"winterValue": 4870.692723398751, "summerValue": 2082.22974750125, "yearValue": 6952.922470900001, "unit": "Total GWh per time interval"}, "Residential heating|Heat pumps|Ground source": {"winterValue": 4828.871939275001, "summerValue": 1930.3872286818753, "yearValue": 6759.259167956876, "unit": "Total GWh per time interval"}, "Residential heating|Electric heater": {"winterValue": 123.10640794999999, "summerValue": 118.517480535625, "yearValue": 241.623888485625, "unit": "Total GWh per time interval"}, "Residential heating|Solar thermal": {"winterValue": 740.849924984375, "summerValue": 1677.182117819375, "yearValue": 2418.03204280375, "unit": "Total GWh per time interval"}, "Distric heating|Total": {"winterValue": 6283.5794493124995, "summerValue": 5172.7541169375, "yearValue": 11456.33356625, "unit": "Total GWh per time interval"}, "Distric heating|Geothermal": {"winterValue": 9.261874999999999e-12, "summerValue": 0.0, "yearValue": 9.261874999999999e-12, "unit": "Total GWh per time interval"}, "Distric heating|CHP|Total": {"winterValue": 6283.5794493124995, "summerValue": 5172.7541169375, "yearValue": 11456.33356625, "unit": "Total GWh per time interval"}, "Distric heating|CHP|Gas": {"winterValue": 2023.5121119999997, "summerValue": 235.4731462375, "yearValue": 2258.9852582374997, "unit": "Total GWh per time interval"}, "Distric heating|CHP|Oil": {"winterValue": 0.0, "summerValue": 0.0, "yearValue": 0.0, "unit": "Total GWh per time interval"}, "Distric heating|CHP|Wood": {"winterValue": 2155.3533240000006, "summerValue": 2155.3533240000006, "yearValue": 4310.706648000001, "unit": "Total GWh per time interval"}, "Distric heating|CHP|Waste": {"winterValue": 2104.714087225, "summerValue": 2781.9276444187503, "yearValue": 4886.641731643751, "unit": "Total GWh per time interval"}, "Distric heating|Solar thermal": {"winterValue": 0.0, "summerValue": 0.0, "yearValue": 0.0, "unit": "Total GWh per time interval"}, "Industrial heating|Total": {"winterValue": 14534.446520125, "summerValue": 12007.700668250001, "yearValue": 26542.147188375002, "unit": "Total GWh per time interval"}, "Industrial heating|Geothermal": {"winterValue": 5730.283399875002, "summerValue": 4408.6055308875, "yearValue": 10138.888930762503, "unit": "Total GWh per time interval"}, "Industrial heating|Solar thermal": {"winterValue": 55.072047484375, "summerValue": 139.70947995249998, "yearValue": 194.78152743687497, "unit": "Total GWh per time interval"}, "Industrial heating|Electric heater": {"winterValue": 144.67825013750002, "summerValue": 2051.103565395, "yearValue": 2195.7818155325, "unit": "Total GWh per time interval"}, "Industrial heating|CHP|Total": {"winterValue": 4571.9014008125005, "summerValue": 3529.543782225, "yearValue": 8101.4451830375, "unit": "Total GWh per time interval"}, "Industrial heating|CHP|Gas": {"winterValue": 446.34695258625015, "summerValue": 132.78699224375, "yearValue": 579.1339448300001, "unit": "Total GWh per time interval"}, "Industrial heating|CHP|Hydrogen": {"winterValue": 0.0, "summerValue": 0.0, "yearValue": 0.0, "unit": "Total GWh per time interval"}, "Industrial heating|CHP|Wood": {"winterValue": 0.0, "summerValue": 0.0, "yearValue": 0.0, "unit": "Total GWh per time interval"}, "Industrial heating|CHP|Waste": {"winterValue": 4125.5542468375, "summerValue": 3396.7567799437497, "yearValue": 7522.31102678125, "unit": "Total GWh per time interval"}, "Industrial heating|CHP|Oil": {"winterValue": 0.0, "summerValue": 0.0, "yearValue": 0.0, "unit": "Total GWh per time interval"}, "Industrial heating|Burner|Total": {"winterValue": 4032.51218124375, "summerValue": 1878.7387487937501, "yearValue": 5911.2509300375, "unit": "Total GWh per time interval"}, "Industrial heating|Burner|Gas": {"winterValue": 2422.01045374375, "summerValue": 268.237100179375, "yearValue": 2690.247553923125, "unit": "Total GWh per time interval"}, "Industrial heating|Burner|Hydrogen": {"winterValue": 0.0, "summerValue": 0.0, "yearValue": 0.0, "unit": "Total GWh per time interval"}, "Industrial heating|Burner|Wood": {"winterValue": 0.0, "summerValue": 0.0, "yearValue": 0.0, "unit": "Total GWh per time interval"}, "Industrial heating|Burner|Waste": {"winterValue": 1610.5016472000004, "summerValue": 1610.5016472000004, "yearValue": 3221.003294400001, "unit": "Total GWh per time interval"}, "Industrial heating|Burner|Oil": {"winterValue": 0.0, "summerValue": 0.0, "yearValue": 0.0, "unit": "Total GWh per time interval"}, "Industrial heating|Burner|Coal": {"winterValue": 0.0, "summerValue": 0.0, "yearValue": 0.0, "unit": "Total GWh per time interval"}, "Electricity|Total": {"winterValue": 37619.64217656249, "summerValue": 40041.665883, "yearValue": 77661.30805956249, "unit": "Total GWh per time interval"}, "Electricity|Thermal": {"winterValue": 4784.74579033125, "summerValue": 1442.9132915, "yearValue": 6227.65908183125, "unit": "Total GWh per time interval"}, "Electricity|Thermal|Hydrogen": {"winterValue": 0.0, "summerValue": 0.0, "yearValue": 0.0, "unit": "Total GWh per time interval"}, "Electricity|Thermal|Gas": {"winterValue": 3984.5804172875, "summerValue": 591.319096435, "yearValue": 4575.8995137225, "unit": "Total GWh per time interval"}, "Electricity|Thermal|Wood": {"winterValue": 0.0, "summerValue": 0.0, "yearValue": 0.0, "unit": "Total GWh per time interval"}, "Electricity|Thermal|Waste": {"winterValue": 760.6919867749999, "summerValue": 812.1205515625, "yearValue": 1572.8125383375, "unit": "Total GWh per time interval"}, "Electricity|Thermal|Biogas": {"winterValue": 39.473655, "summerValue": 39.473655, "yearValue": 78.94731, "unit": "Total GWh per time interval"}, "Electricity|Thermal|Geothermal": {"winterValue": 0.0, "summerValue": 0.0, "yearValue": 0.0, "unit": "Total GWh per time interval"}, "Electricity|Hydro|Total": {"winterValue": 20578.985767625, "summerValue": 17011.0533485625, "yearValue": 37590.0391161875, "unit": "Total GWh per time interval"}, "Electricity|Hydro|Dams": {"winterValue": 13035.035855, "summerValue": 6732.656327875, "yearValue": 19767.692182875, "unit": "Total GWh per time interval"}, "Electricity|Hydro|RoR": {"winterValue": 7543.949867, "summerValue": 10278.39692806875, "yearValue": 17822.34679506875, "unit": "Total GWh per time interval"}, "Electricity|Nuclear": {"winterValue": 0.0, "summerValue": 0.0, "yearValue": 0.0,