{"name": "scenario_9", "data": {"Transport|Total": {"winterValue": 14206.51589275, "summerValue": 14693.754766875003, "yearValue": 28900.270659625003, "unit": "Total GWh per time interval"}, "Transport|Hydrogen": {"winterValue": 4.88694558, "summerValue": 4.88694558, "yearValue": 9.77389116, "unit": "Total GWh per time interval"}, "Transport|Gas": {"winterValue": 2832.8810699999995, "summerValue": 2832.8810699999995, "yearValue": 5665.762139999999, "unit": "Total GWh per time interval"}, "Transport|Liquid petroleum products": {"winterValue": 0.0, "summerValue": 0.0, "yearValue": 0.0, "unit": "Total GWh per time interval"}, "Transport|Electricity": {"winterValue": 11368.747465450002, "summerValue": 11855.9864061875, "yearValue": 23224.7338716375, "unit": "Total GWh per time interval"}, "Residential heating|Total": {"winterValue": 20573.67287096875, "summerValue": 8637.022787678414, "yearValue": 29210.695658647164, "unit": "Total GWh per time interval"}, "Residential heating|Biomass": {"winterValue": 10516.76974745625, "summerValue": 3515.158833791875, "yearValue": 14031.928581248125, "unit": "Total GWh per time interval"}, "Residential heating|Gas": {"winterValue": 0.0, "summerValue": 0.0, "yearValue": 0.0, "unit": "Total GWh per time interval"}, "Residential heating|Liquid petroleum products": {"winterValue": 0.0, "summerValue": 0.0, "yearValue": 0.0, "unit": "Total GWh per time interval"}, "Residential heating|Heat pumps|Total": {"winterValue": 9511.04786050625, "summerValue": 4036.0829834525007, "yearValue": 13547.130843958752, "unit": "Total GWh per time interval"}, "Residential heating|Heat pumps|Air source": {"winterValue": 4757.73204360625, "summerValue": 2030.139509390625, "yearValue": 6787.871552996875, "unit": "Total GWh per time interval"}, "Residential heating|Heat pumps|Ground source": {"winterValue": 4753.315770818751, "summerValue": 2005.943505178125, "yearValue": 6759.259275996876, "unit": "Total GWh per time interval"}, "Residential heating|Electric heater": {"winterValue": 120.8141094, "summerValue": 22.81310754278972, "yearValue": 143.62721694278972, "unit": "Total GWh per time interval"}, "Residential heating|Solar thermal": {"winterValue": 425.04115543124993, "summerValue": 1062.9678583287498, "yearValue": 1488.0090137599998, "unit": "Total GWh per time interval"}, "Distric heating|Total": {"winterValue": 10117.446730187501, "summerValue": 7846.743126875001, "yearValue": 17964.1898570625, "unit": "Total GWh per time interval"}, "Distric heating|Geothermal": {"winterValue": 446.13164976250005, "summerValue": 359.22043879874997, "yearValue": 805.35208856125, "unit": "Total GWh per time interval"}, "Distric heating|CHP|Total": {"winterValue": 9671.315324062498, "summerValue": 7487.522696562501, "yearValue": 17158.838020625, "unit": "Total GWh per time interval"}, "Distric heating|CHP|Gas": {"winterValue": 3554.6338850537504, "summerValue": 1077.99020019375, "yearValue": 4632.6240852475, "unit": "Total GWh per time interval"}, "Distric heating|CHP|Oil": {"winterValue": 0.0, "summerValue": 0.0, "yearValue": 0.0, "unit": "Total GWh per time interval"}, "Distric heating|CHP|Wood": {"winterValue": 1853.033898, "summerValue": 1853.033898, "yearValue": 3706.067796, "unit": "Total GWh per time interval"}, "Distric heating|CHP|Waste": {"winterValue": 4263.647686643751, "summerValue": 4556.4986398875, "yearValue": 8820.14632653125, "unit": "Total GWh per time interval"}, "Distric heating|Solar thermal": {"winterValue": 0.0, "summerValue": 0.0, "yearValue": 0.0, "unit": "Total GWh per time interval"}, "Industrial heating|Total": {"winterValue": 10604.719111312499, "summerValue": 8786.148399250002, "yearValue": 19390.8675105625, "unit": "Total GWh per time interval"}, "Industrial heating|Geothermal": {"winterValue": 5210.480145550001, "summerValue": 4123.0565262875, "yearValue": 9333.5366718375, "unit": "Total GWh per time interval"}, "Industrial heating|Solar thermal": {"winterValue": 0.0, "summerValue": 0.0, "yearValue": 0.0, "unit": "Total GWh per time interval"}, "Industrial heating|Electric heater": {"winterValue": 0.0, "summerValue": 812.9190876125002, "yearValue": 812.9190876125002, "unit": "Total GWh per time interval"}, "Industrial heating|CHP|Total": {"winterValue": 1221.6938896550002, "summerValue": 905.4324708725, "yearValue": 2127.1263605275003, "unit": "Total GWh per time interval"}, "Industrial heating|CHP|Gas": {"winterValue": 0.0, "summerValue": 0.0, "yearValue": 0.0, "unit": "Total GWh per time interval"}, "Industrial heating|CHP|Hydrogen": {"winterValue": 0.0, "summerValue": 0.0, "yearValue": 0.0, "unit": "Total GWh per time interval"}, "Industrial heating|CHP|Wood": {"winterValue": 0.0, "summerValue": 0.0, "yearValue": 0.0, "unit": "Total GWh per time interval"}, "Industrial heating|CHP|Waste": {"winterValue": 1221.6938896550002, "summerValue": 905.4324708725, "yearValue": 2127.1263605275003, "unit": "Total GWh per time interval"}, "Industrial heating|CHP|Oil": {"winterValue": 0.0, "summerValue": 0.0, "yearValue": 0.0, "unit": "Total GWh per time interval"}, "Industrial heating|Burner|Total": {"winterValue": 4172.544910762501, "summerValue": 2944.7402474999994, "yearValue": 7117.285158262501, "unit": "Total GWh per time interval"}, "Industrial heating|Burner|Gas": {"winterValue": 1886.4989932624997, "summerValue": 798.458773249375, "yearValue": 2684.9577665118745, "unit": "Total GWh per time interval"}, "Industrial heating|Burner|Hydrogen": {"winterValue": 0.0, "summerValue": 0.0, "yearValue": 0.0, "unit": "Total GWh per time interval"}, "Industrial heating|Burner|Wood": {"winterValue": 0.0, "summerValue": 0.0, "yearValue": 0.0, "unit": "Total GWh per time interval"}, "Industrial heating|Burner|Waste": {"winterValue": 2286.0458937750004, "summerValue": 2146.2814762124995, "yearValue": 4432.3273699875, "unit": "Total GWh per time interval"}, "Industrial heating|Burner|Oil": {"winterValue": 0.0, "summerValue": 0.0, "yearValue": 0.0, "unit": "Total GWh per time interval"}, "Industrial heating|Burner|Coal": {"winterValue": 0.0, "summerValue": 0.0, "yearValue": 0.0, "unit": "Total GWh per time interval"}, "Electricity|Total": {"winterValue": 35959.3535274375, "summerValue": 37043.3108448125, "yearValue": 73002.66437225, "unit": "Total GWh per time interval"}, "Electricity|Thermal": {"winterValue": 6673.5731482500005, "summerValue": 2356.4361296312495, "yearValue": 9030.00927788125, "unit": "Total GWh per time interval"}, "Electricity|Thermal|Hydrogen": {"winterValue": 0.0, "summerValue": 0.0, "yearValue": 0.0, "unit": "Total GWh per time interval"}, "Electricity|Thermal|Gas": {"winterValue": 5790.570097193749, "summerValue": 1451.3476485374997, "yearValue": 7241.917745731248, "unit": "Total GWh per time interval"}, "Electricity|Thermal|Wood": {"winterValue": 0.0, "summerValue": 0.0, "yearValue": 0.0, "unit": "Total GWh per time interval"}, "Electricity|Thermal|Waste": {"winterValue": 883.0031756125, "summerValue": 905.0884528062502, "yearValue": 1788.0916284187501, "unit": "Total GWh per time interval"}, "Electricity|Thermal|Biogas": {"winterValue": 0.0, "summerValue": 0.0, "yearValue": 0.0, "unit": "Total GWh per time interval"}, "Electricity|Thermal|Geothermal": {"winterValue": 0.0, "summerValue": 0.0, "yearValue": 0.0, "unit": "Total GWh per time interval"}, "Electricity|Hydro|Total": {"winterValue": 20578.98581325, "summerValue": 17011.053444375004, "yearValue": 37590.039257625, "unit": "Total GWh per time interval"}, "Electricity|Hydro|Dams": {"winterValue": 13035.035791125001, "summerValue": 6732.6563671124995, "yearValue": 19767.6921582375, "unit": "Total GWh per time interval"}, "Electricity|Hydro|RoR": {"winterValue": 7543.949867, "summerValue": 10278.3969203125, "yearValue": 17822.3467873125, "unit": "Total GWh per time interval"}, "Electricity|Nuclear": {"winterValue": 0.0, "summerValue": 0.0, "yearValue": 0.0, "unit": "Total GWh per time interval"}, "Electricity|Solar": {"winterValue": 6518.771819710625,