{"name": "co2-25_ elec_imports_2050", "data": {"Transport|Total": {"monthlyValues": [2245.4952951, 2064.4075451999997, 2505.9769119, 2370.811581, 2505.3353421, 2428.8641999999995, 2563.3982553, 2445.3475707, 2421.103221, 2539.9806693, 2379.1934880000003, 2443.4227404000003], "winterValue": 14178.4766499, "summerValue": 14734.860170099999, "yearValue": 28913.33682, "longUnit": "Total GWh per time interval", "shortUnit": "GWh/t"}, "Transport|Hydrogen": {"monthlyValues": [0.830111304, 0.749777952, 0.830111304, 0.80333352, 0.830111304, 0.80333352, 0.830111304, 0.830111304, 0.80333352, 0.830111304, 0.80333352, 0.830111304], "winterValue": 4.873556688, "summerValue": 4.900334472, "yearValue": 9.773891160000002, "longUnit": "Total GWh per time interval", "shortUnit": "GWh/t"}, "Transport|Gas": {"monthlyValues": [481.201716, 434.63380799999993, 481.201716, 465.67907999999994, 481.201716, 465.67907999999994, 481.201716, 481.201716, 465.67907999999994, 481.201716, 465.67907999999994, 481.201716], "winterValue": 2825.119752, "summerValue": 2840.6423879999998, "yearValue": 5665.762139999999, "longUnit": "Total GWh per time interval", "shortUnit": "GWh/t"}, "Transport|Oil": {"monthlyValues": [0.0, 0.0, 0.0, 0.0, 0.0, 0.0, 0.0, 0.0, 0.0, 0.0, 0.0, 0.0], "winterValue": 0.0, "summerValue": 0.0, "yearValue": 0.0, "longUnit": "Total GWh per time interval", "shortUnit": "GWh/t"}, "Transport|Electricity": {"monthlyValues": [1763.46337647, 1629.023928, 2023.9449197999998, 1904.3291204999998, 2023.303443, 1962.381735, 2081.36644548, 1963.31570322, 1954.6206570000002, 2057.9487609, 1912.7110437, 1961.3908971], "winterValue": 11348.48292597, "summerValue": 11889.3171042, "yearValue": 23237.80003017, "longUnit": "Total GWh per time interval", "shortUnit": "GWh/t"}, "Residential heating|Total": {"monthlyValues": [5736.0935715000005, 4455.669636600001, 2734.9241165999997, 4200.025599, 2346.866350185, 716.673897, 626.385914316, 760.7273475825, 665.457573825, 1761.08989185, 3524.7263534999997, 5366.35147665], "winterValue": 23578.855046700002, "summerValue": 9316.1366819085, "yearValue": 32894.9917286085, "longUnit": "Total GWh per time interval", "shortUnit": "GWh/t"}, "Residential heating|Boiler|Biomass": {"monthlyValues": [2370.6970008000003, 1770.9075006, 994.334730435, 1718.0266904999999, 907.1489190359999, 157.85728362000003, 165.3695441595, 222.1293642375, 151.01897355, 619.3161850739999, 1404.9457200000002, 2228.9714457], "winterValue": 9389.172582609, "summerValue": 3321.5507751029995, "yearValue": 12710.723357711999, "longUnit": "Total GWh per time interval", "shortUnit": "GWh/t"}, "Residential heating|Boiler|Gas": {"monthlyValues": [289.55183626499996, 222.14103407999997, 131.34605983200004, 221.595579, 122.685385635, 37.99959691499999, 34.382152591499995, 42.034005382500006, 30.028358520000005, 82.75011580950002, 175.5678213, 270.31940325], "winterValue": 1171.6762705365, "summerValue": 488.725078044, "yearValue": 1660.4013485805003, "longUnit": "Total GWh per time interval", "shortUnit": "GWh/t"}, "Residential heating|Boiler|Oil": {"monthlyValues": [0.0, 0.0, 0.0, 0.0, 0.0, 0.0, 0.0, 0.0, 0.0, 0.0, 0.0, 0.0], "winterValue": 0.0, "summerValue": 0.0, "yearValue": 0.0, "longUnit": "Total GWh per time interval", "shortUnit": "GWh/t"}, "Residential heating|Heat pumps|Electricity": {"monthlyValues": [2898.4990219500005, 2400.2028582000003, 1520.01214845, 2142.4358384999996, 1205.0687770050001, 359.8670926799999, 308.00759624100004, 368.19513006, 383.73833722500007, 992.7271780049999, 1902.7074375, 2856.8470422], "winterValue": 12570.995686305, "summerValue": 4767.312771710999, "yearValue": 17338.308458016, "longUnit": "Total GWh per time interval", "shortUnit": "GWh/t"}, "Residential heating|Electric heater|Electricity": {"monthlyValues": [156.58107192, 2.1539649599999997, 0.0, 0.0, 0.0, 0.0, 0.0, 0.0, 0.0, 0.0, 0.0, 0.0], "winterValue": 158.73503688, "summerValue": 0.0, "yearValue": 158.73503688, "longUnit": "Total GWh per time interval", "shortUnit": "GWh/t"}, "Residential heating|Solar thermal|Solar": {"monthlyValues": [20.764579743, 60.264265404, 89.23120987499999, 117.96745185, 111.96327478650001, 160.94988832500002, 118.62662988000001, 128.368850832, 100.67190484500001, 66.2964507195, 41.505335190000004, 10.213621398], "winterValue": 288.2754623295, "summerValue": 738.5480005185, "yearValue": 1026.823462848, "longUnit": "Total GWh per time interval", "shortUnit": "GWh/t"}, "Distric heating|Total": {"monthlyValues": [2301.85332765, 2082.442593, 2305.7967183, 2040.3467010000004, 1504.1400105000002, 1145.7207855, 1159.1199243, 1156.19920815, 1232.282655, 1747.56583185, 2171.7669195, 2299.014405], "winterValue": 12908.4397953, "summerValue": 8237.80928445, "yearValue": 21146.24907975, "longUnit": "Total GWh per time interval", "shortUnit": "GWh/t"}, "Distric heating|Geothermal": {"monthlyValues": [54.15517223999999, 48.91434912, 54.15517223999999, 52.408231199999996, 48.61706553149999, 40.61637863999999, 37.993051827, 40.842560109, 39.94105203, 48.70034112599999, 52.408231199999996, 54.15517223999999], "winterValue": 312.488438166, "summerValue": 260.4183393375, "yearValue": 572.9067775034998, "longUnit": "Total GWh per time interval", "shortUnit": "GWh/t"}, "Distric heating|CHP|Total": {"monthlyValues": [2247.6981674999997, 2033.5282505999999, 2251.6415581499996, 1987.9384635000001, 1455.5229491999999, 1105.1044155, 1121.1268714499997, 1115.3566539, 1192.3416135, 1698.8655076500002, 2119.3587045, 2244.85924485], "winterValue": 12595.95143325, "summerValue": 7977.390967050001, "yearValue": 20573.342400299996, "longUnit": "Total GWh per time interval", "shortUnit": "GWh/t"}, "Distric heating|CHP|Gas": {"monthlyValues": [1271.858328, 1139.2758972000001, 1246.1980656, 1008.8127814499999, 429.7278784215, 95.21585649, 77.25038657400002, 91.6961996595, 216.32115424500003, 689.94119994, 1160.3626515, 1271.858328], "winterValue": 6779.494470240001, "summerValue": 1919.0242568400001, "yearValue": 8698.518727080002, "longUnit": "Total GWh per time interval", "shortUnit": "GWh/t"}, "Distric heating|CHP|Oil": {"monthlyValues": [0.0, 0.0, 0.0, 0.0, 0.0, 0.0, 0.0, 0.0, 0.0, 0.0, 0.0, 0.0], "winterValue": 0.0, "summerValue": 0.0, "yearValue": 0.0, "longUnit": "Total GWh per time interval", "shortUnit": "GWh/t"}, "Distric heating|CHP|Wood": {"monthlyValues": [246.38162640000002, 222.5382432, 246.38162640000002, 238.433832, 246.38162640000002, 238.433832, 246.38162640000002, 246.38162640000002, 238.433832, 246.38162640000002, 238.433832, 246.38162640000002], "winterValue": 1446.4985808, "summerValue": 1454.4463752, "yearValue": 2900.9449560000003, "longUnit": "Total GWh per time interval", "shortUnit": "GWh/t"}, "Distric heating|CHP|Waste": {"monthlyValues": [729.45820101, 671.71411524, 759.0618429, 740.6918127000001, 779.4134328, 771.45471, 797.4948415499998, 777.2788191449999, 737.5866254999999, 762.54262179, 720.5622156, 726.619288125], "winterValue": 4369.958284665, "summerValue": 4603.920241694999, "yearValue": 8973.878526360002, "longUnit": "Total GWh per time interval", "shortUnit": "GWh/t"}, "Distric heating|Solar thermal|Solar": {"monthlyValues": [0.0, 0.0, 0.0, 0.0, 0.0, 0.0, 0.0, 0.0, 0.0, 0.0, 0.0, 0.0], "winterValue": 0.0, "summerValue": 0.0, "yearValue": 0.0, "longUnit": "Total GWh per time interval", "shortUnit": "GWh/t"}, "Industrial heating|Total": {"monthlyValues": [1957.2915826499998, 1627.1705603999999, 1644.0910511999998, 1584.4511475, 1483.4429906999999, 1282.8362715, 1325.2465218, 1485.7482281999996, 1587.8045745, 1640.332047, 1742.2690949999999, 1960.3574532], "winterValue": 10571.51178945, "summerValue": 8749.5297342, "yearValue": 19321.041523649998, "longUnit": "Total GWh per time interval", "shortUnit": "GWh/t"}, "Industrial heating|Geothermal": {"monthlyValues": [1002.3373344, 819.2886928800001, 811.8019141200001, 785.6147556000001, 717.7647990449999, 603.6074451, 623.72769327, 717.7647990449999, 785.6147466, 811.80190482, 877.8093138, 1002.3373344],