{"name": "co2-5_ elec_imports_2050", "data": {"Transport|Total": {"monthlyValues": [2168.3083641000003, 1994.6902836000002, 2428.7899251, 2296.1145329999995, 2428.1483739, 2354.167125, 2486.2113615, 2368.160649, 2346.4061909999996, 2462.7937475999997, 2304.496431, 2366.2358094], "winterValue": 13725.314560800001, "summerValue": 14279.208233399999, "yearValue": 28004.5227942, "longUnit": "Total GWh per time interval", "shortUnit": "GWh/t"}, "Transport|Hydrogen": {"monthlyValues": [386.7644568, 349.3356384, 386.7644568, 374.288184, 386.7644568, 374.288184, 386.7644568, 386.7644568, 374.288184, 386.7644568, 374.288184, 386.7644568], "winterValue": 2270.6816496, "summerValue": 2283.1579224, "yearValue": 4553.839572, "longUnit": "Total GWh per time interval", "shortUnit": "GWh/t"}, "Transport|Gas": {"monthlyValues": [18.08047968, 16.33075584, 18.08047968, 17.4972384, 18.08047968, 17.4972384, 18.08047968, 18.08047968, 17.4972384, 18.08047968, 17.4972384, 18.08047968], "winterValue": 106.14991296, "summerValue": 106.73315423999999, "yearValue": 212.88306720000003, "longUnit": "Total GWh per time interval", "shortUnit": "GWh/t"}, "Transport|Oil": {"monthlyValues": [0.0, 0.0, 0.0, 0.0, 0.0, 0.0, 0.0, 0.0, 0.0, 0.0, 0.0, 0.0], "winterValue": 0.0, "summerValue": 0.0, "yearValue": 0.0, "longUnit": "Total GWh per time interval", "shortUnit": "GWh/t"}, "Transport|Electricity": {"monthlyValues": [1763.46337647, 1629.023928, 2023.9449197999998, 1904.3291204999998, 2023.303443, 1962.381735, 2081.36644548, 1963.31570322, 1954.6206570000002, 2057.9487609, 1912.7110437, 1961.3908971], "winterValue": 11348.48292597, "summerValue": 11889.3171042, "yearValue": 23237.80003017, "longUnit": "Total GWh per time interval", "shortUnit": "GWh/t"}, "Residential heating|Total": {"monthlyValues": [4475.219743199999, 3425.571555, 2032.97435025, 3446.5656914999995, 1931.09197698, 610.30713015, 544.0210490999999, 684.132139917, 481.976127, 1292.52795279, 2708.806491, 4189.6651357499995], "winterValue": 18124.76522799, "summerValue": 7698.0941146469995, "yearValue": 25822.859342637, "longUnit": "Total GWh per time interval", "shortUnit": "GWh/t"}, "Residential heating|Boiler|Biomass": {"monthlyValues": [1479.0496102500003, 1057.494795, 538.338658425, 965.1422020499999, 464.9816708625, 6.449701095, 35.094334827, 23.463553575000002, 38.1897531, 325.363753605, 846.219402, 1399.6322741999998], "winterValue": 5646.09849348, "summerValue": 1533.3212155094998, "yearValue": 7179.419708989501, "longUnit": "Total GWh per time interval", "shortUnit": "GWh/t"}, "Residential heating|Boiler|Gas": {"monthlyValues": [0.0, 0.0, 0.0, 0.0, 0.0, 0.0, 0.0, 0.0, 0.0, 0.0, 0.0, 0.0], "winterValue": 0.0, "summerValue": 0.0, "yearValue": 0.0, "longUnit": "Total GWh per time interval", "shortUnit": "GWh/t"}, "Residential heating|Boiler|Oil": {"monthlyValues": [0.0, 0.0, 0.0, 0.0, 0.0, 0.0, 0.0, 0.0, 0.0, 0.0, 0.0, 0.0], "winterValue": 0.0, "summerValue": 0.0, "yearValue": 0.0, "longUnit": "Total GWh per time interval", "shortUnit": "GWh/t"}, "Residential heating|Heat pumps|Electricity": {"monthlyValues": [2806.8996717, 2266.9330992, 1344.87576675, 2268.3951495, 1229.5052705399996, 402.00343987499997, 349.034817801, 451.36617293700004, 321.704182665, 855.8964970199999, 1792.927224, 2772.8909713500007], "winterValue": 11840.423230019998, "summerValue": 5022.009033318, "yearValue": 16862.432263338, "longUnit": "Total GWh per time interval", "shortUnit": "GWh/t"}, "Residential heating|Electric heater|Electricity": {"monthlyValues": [154.42067448, 0.0, 0.0, 15.039334799999999, 48.69306462, 0.0, 11.258654865, 0.0, 0.0, 0.0, 0.0, 0.0], "winterValue": 154.42067448, "summerValue": 74.991054285, "yearValue": 229.41172876500002, "longUnit": "Total GWh per time interval", "shortUnit": "GWh/t"}, "Residential heating|Solar thermal|Solar": {"monthlyValues": [34.849935709499995, 101.14367067, 149.759926005, 197.98898354999997, 187.91195035800004, 201.85399440000003, 148.633243002, 209.30243205149998, 122.08219740000003, 111.26769960749999, 69.659888715, 17.141886014999997], "winterValue": 483.823006722, "summerValue": 1067.7728007614999, "yearValue": 1551.5958074835, "longUnit": "Total GWh per time interval", "shortUnit": "GWh/t"}, "Distric heating|Total": {"monthlyValues": [1014.4151002499999, 917.418453, 990.7900917000002, 1109.7271440000002, 1322.8697068499998, 1122.994521, 1163.93274405, 1031.1813448500002, 909.50499, 907.4088817500001, 974.4672419999999, 997.0701770999999], "winterValue": 5801.5699458, "summerValue": 6660.21045075, "yearValue": 12461.78039655, "longUnit": "Total GWh per time interval", "shortUnit": "GWh/t"}, "Distric heating|Geothermal": {"monthlyValues": [0.0, 0.0, 0.0, 0.0, 0.0, 0.0, 0.0, 0.0, 0.0, 0.0, 0.0, 0.0], "winterValue": 0.0, "summerValue": 0.0, "yearValue": 0.0, "longUnit": "Total GWh per time interval", "shortUnit": "GWh/t"}, "Distric heating|CHP|Total": {"monthlyValues": [1014.4151002499999, 917.418453, 990.7900917000002, 1109.7271440000002, 1322.8697068499998, 1122.994521, 1163.93274405, 1031.1813448500002, 909.50499, 907.4088817500001, 974.4672419999999, 997.0701770999999], "winterValue": 5801.5699458, "summerValue": 6660.21045075, "yearValue": 12461.78039655, "longUnit": "Total GWh per time interval", "shortUnit": "GWh/t"}, "Distric heating|CHP|Gas": {"monthlyValues": [82.3961772, 72.5447688, 74.48756833499999, 54.82003725, 0.0, 0.0, 0.0, 0.0, 0.0, 0.0, 79.738236, 82.3961772], "winterValue": 391.562927535, "summerValue": 54.82003725, "yearValue": 446.382964785, "longUnit": "Total GWh per time interval", "shortUnit": "GWh/t"}, "Distric heating|CHP|Oil": {"monthlyValues": [0.0, 0.0, 0.0, 0.0, 0.0, 0.0, 0.0, 0.0, 0.0, 0.0, 0.0, 0.0], "winterValue": 0.0, "summerValue": 0.0, "yearValue": 0.0, "longUnit": "Total GWh per time interval", "shortUnit": "GWh/t"}, "Distric heating|CHP|Wood": {"monthlyValues": [446.86467264, 403.61970432, 446.86467264, 432.4496832, 446.86467264, 432.4496832, 446.86467264, 446.86467264, 432.4496832, 446.86467264, 432.4496832, 446.86467264], "winterValue": 2623.5280780800003, "summerValue": 2637.9430675199997, "yearValue": 5261.4711456, "longUnit": "Total GWh per time interval", "shortUnit": "GWh/t"}, "Distric heating|CHP|Waste": {"monthlyValues": [485.1542346, 441.25396056, 469.43782701, 622.45742805, 876.0050746649999, 690.5448557999999, 717.068093265, 584.3166819749999, 477.05529645000007, 460.544197485, 462.27931245, 467.80930679999994], "winterValue": 2786.478838905, "summerValue": 3967.447430205, "yearValue": 6753.926269109999, "longUnit": "Total GWh per time interval", "shortUnit": "GWh/t"}, "Distric heating|Solar thermal|Solar": {"monthlyValues": [0.0, 0.0, 0.0, 0.0, 0.0, 0.0, 0.0, 0.0, 0.0, 0.0, 0.0, 0.0], "winterValue": 0.0, "summerValue": 0.0, "yearValue": 0.0, "longUnit": "Total GWh per time interval", "shortUnit": "GWh/t"}, "Industrial heating|Total": {"monthlyValues": [2616.304551, 2228.0534766, 2341.86099765, 2302.599384, 2398.1753574, 1963.9824119999994, 2007.6900868499997, 2314.55880165, 2285.5016969999997, 2351.8796179499996, 2400.0307425, 2632.6809489000007], "winterValue": 14570.810334599999, "summerValue": 13272.5077389, "yearValue": 27843.3180735, "longUnit": "Total GWh per time interval", "shortUnit": "GWh/t"}, "Industrial heating|Geothermal": {"monthlyValues": [1080.0645024, 876.2256467999999, 860.7051517650001, 825.91521525, 751.97742282, 620.07015195, 650.47300527, 750.05234235, 828.770715, 865.78745715, 942.1169085, 1080.0645024], "winterValue": 5704.964169015, "summerValue": 4427.2588526399995, "yearValue": 10132.223021655, "longUnit": "Total GWh per time interval", "shortUnit": "GWh/t"}, "Industrial heating|Solar thermal|Solar": {"monthlyValues": [4.634854438500001, 13.451572932000001, 19.91726595, 26.331472169999998, 24.991282989, 35.9255664, 26.478606692999996, 28.653154594500002, 22.470938505000003, 14.797984276500001, 9.26439093, 2.279747688], "winterValue": 64.345816215, "summerValue": 164.85102135149998,