{"name": "co2-0_no_elec_imports_2020", "data": {"Transport|Total": {"monthlyValues": [3002.989080810001, 2781.32557584, 3498.8651486999997, 3282.5762154, 3497.6438076, 3393.090378, 3608.1777346500003, 3383.4457410000005, 3378.3156270000004, 3563.5976406, 3298.5327600000005, 3379.7815782], "winterValue": 19525.091784149998, "summerValue": 20543.24950365, "yearValue": 40068.341287799994, "longUnit": "Total GWh per time interval", "shortUnit": "GWh/t"}, "Transport|Hydrogen": {"monthlyValues": [0.8943028800000001, 0.80775744, 0.8943028800000001, 0.8654544000000001, 0.8943028800000001, 0.8654544000000001, 0.8943028800000001, 0.8943028800000001, 0.8654544000000001, 0.8943028800000001, 0.8654544000000001, 0.8943028800000001], "winterValue": 5.250423360000001, "summerValue": 5.279271840000001, "yearValue": 10.5296952, "longUnit": "Total GWh per time interval", "shortUnit": "GWh/t"}, "Transport|Gas": {"monthlyValues": [0.0, 0.0, 0.0, 0.0, 0.0, 0.0, 0.0, 0.0, 0.0, 0.0, 0.0, 0.0], "winterValue": 0.0, "summerValue": 0.0, "yearValue": 0.0, "longUnit": "Total GWh per time interval", "shortUnit": "GWh/t"}, "Transport|Oil": {"monthlyValues": [2606.12883696, 2422.8712452, 3102.00501738, 2898.5179392, 3100.78370511, 3009.0321360000003, 3211.3176340200002, 2986.58559294, 2994.2574408, 3166.7375390400002, 2914.4745297000004, 2982.9214524599997], "winterValue": 17195.138620740003, "summerValue": 18200.49444807, "yearValue": 35395.633068810006, "longUnit": "Total GWh per time interval", "shortUnit": "GWh/t"}, "Transport|Electricity": {"monthlyValues": [395.96569824, 357.64643712, 395.96569824, 383.1926112, 395.96569824, 383.1926112, 395.96569824, 395.96569824, 383.1926112, 395.96569824, 383.1926112, 395.96569824], "winterValue": 2324.70184128, "summerValue": 2337.47492832, "yearValue": 4662.176769600001, "longUnit": "Total GWh per time interval", "shortUnit": "GWh/t"}, "Residential heating|Total": {"monthlyValues": [8702.971992, 6943.100283000001, 4587.7905702, 5463.331411499999, 3107.4547494900007, 868.0612275000001, 686.430944235, 795.1782882750001, 1171.6695238500001, 3038.4998037, 5491.3338135, 8124.431570249999], "winterValue": 36888.12803265, "summerValue": 12092.126144849999, "yearValue": 48980.2541775, "longUnit": "Total GWh per time interval", "shortUnit": "GWh/t"}, "Residential heating|Boiler|Biomass": {"monthlyValues": [0.0, 0.0, 0.0, 0.0, 0.0, 0.0, 0.0, 0.0, 0.0, 0.0, 0.0, 0.0], "winterValue": 0.0, "summerValue": 0.0, "yearValue": 0.0, "longUnit": "Total GWh per time interval", "shortUnit": "GWh/t"}, "Residential heating|Boiler|Gas": {"monthlyValues": [4303.3792908, 3430.3244556, 2264.2700421, 2696.3868105, 1533.6612734550001, 428.42518875, 338.78290309499994, 392.45435954999994, 578.2688181000001, 1499.6290594499999, 2710.8982979999996, 4010.7282904500007], "winterValue": 18219.2294364, "summerValue": 5967.97935345, "yearValue": 24187.208789849996, "longUnit": "Total GWh per time interval", "shortUnit": "GWh/t"}, "Residential heating|Boiler|Oil": {"monthlyValues": [4399.592594250001, 3512.7757686000004, 2323.5204816000005, 2766.9447225000004, 1573.793488125, 439.63603334999993, 347.648043465, 402.72393709500005, 593.4007152, 1538.87073495, 2780.4355829999995, 4113.7032612], "winterValue": 18668.8984236, "summerValue": 6124.146939735001, "yearValue": 24793.045363335, "longUnit": "Total GWh per time interval", "shortUnit": "GWh/t"}, "Residential heating|Heat pumps|Electricity": {"monthlyValues": [0.0, 0.0, 0.0, 0.0, 0.0, 0.0, 0.0, 0.0, 0.0, 0.0, 0.0, 0.0], "winterValue": 0.0, "summerValue": 0.0, "yearValue": 0.0, "longUnit": "Total GWh per time interval", "shortUnit": "GWh/t"}, "Residential heating|Electric heater|Electricity": {"monthlyValues": [0.0, 0.0, 0.0, 0.0, 1.84605e-11, 0.0, 0.0, 0.0, 0.0, 0.0, 0.0, 0.0], "winterValue": 0.0, "summerValue": 1.84605e-11, "yearValue": 1.84605e-11, "longUnit": "Total GWh per time interval", "shortUnit": "GWh/t"}, "Residential heating|Solar thermal|Solar": {"monthlyValues": [0.0, 0.0, 0.0, 0.0, 0.0, 0.0, 0.0, 0.0, 0.0, 0.0, 0.0, 0.0], "winterValue": 0.0, "summerValue": 0.0, "yearValue": 0.0, "longUnit": "Total GWh per time interval", "shortUnit": "GWh/t"}, "Distric heating|Total": {"monthlyValues": [1351.45762785, 1084.2257832, 736.20244569, 864.9334152, 517.48374462, 174.6761922, 148.7996975175, 165.574193775, 219.72683654999997, 503.21904889499996, 868.1777235, 1261.683477], "winterValue": 5804.966106135, "summerValue": 2091.1940798625, "yearValue": 7896.1601859975, "longUnit": "Total GWh per time interval", "shortUnit": "GWh/t"}, "Distric heating|Geothermal": {"monthlyValues": [0.0, 0.0, 0.0, 0.0, 0.0, 0.0, 0.0, 0.0, 0.0, 0.0, 0.0, 0.0], "winterValue": 0.0, "summerValue": 0.0, "yearValue": 0.0, "longUnit": "Total GWh per time interval", "shortUnit": "GWh/t"}, "Distric heating|CHP|Total": {"monthlyValues": [1351.45762785, 1084.2257832, 736.20244569, 864.9334152, 517.48374462, 174.6761922, 148.7996975175, 165.574193775, 219.72683654999997, 503.21904889499996, 868.1777235, 1261.683477], "winterValue": 5804.966106135, "summerValue": 2091.1940798625, "yearValue": 7896.1601859975, "longUnit": "Total GWh per time interval", "shortUnit": "GWh/t"}, "Distric heating|CHP|Gas": {"monthlyValues": [711.7321215449999, 497.89801404, 90.971614851, 226.92829959, 46.34929312799999, 44.85415464, 46.34929312799999, 46.34929312799999, 44.85415464, 46.34929312799999, 240.16117374, 622.309947795], "winterValue": 2209.4221650990003, "summerValue": 455.684488254, "yearValue": 2665.106653353, "longUnit": "Total GWh per time interval", "shortUnit": "GWh/t"}, "Distric heating|CHP|Oil": {"monthlyValues": [0.0, 0.0, 0.0, 0.0, 0.0, 0.0, 0.0, 0.0, 0.0, 0.0, 0.0, 0.0], "winterValue": 0.0, "summerValue": 0.0, "yearValue": 0.0, "longUnit": "Total GWh per time interval", "shortUnit": "GWh/t"}, "Distric heating|CHP|Wood": {"monthlyValues": [0.0, 0.0, 0.0, 0.0, 0.0, 0.0, 0.0, 0.0, 0.0, 0.0, 0.0, 0.0], "winterValue": 0.0, "summerValue": 0.0, "yearValue": 0.0, "longUnit": "Total GWh per time interval", "shortUnit": "GWh/t"}, "Distric heating|CHP|Waste": {"monthlyValues": [639.7254718949999, 586.32777, 645.2308119599999, 638.00511435, 471.13443689099995, 129.8220372, 102.45040578449999, 119.22490190250001, 174.872681235, 456.86974516500004, 628.0165557, 639.3735310650001], "winterValue": 3595.543885785, "summerValue": 1635.509577363, "yearValue": 5231.0534631479995, "longUnit": "Total GWh per time interval", "shortUnit": "GWh/t"}, "Distric heating|Solar thermal|Solar": {"monthlyValues": [0.0, 0.0, 0.0, 0.0, 0.0, 0.0, 0.0, 0.0, 0.0, 0.0, 0.0, 0.0], "winterValue": 0.0, "summerValue": 0.0, "yearValue": 0.0, "longUnit": "Total GWh per time interval", "shortUnit": "GWh/t"}, "Industrial heating|Total": {"monthlyValues": [3992.2323760499994, 3469.9517663999995, 3707.6673351, 3590.3844629999994, 3553.5049179000002, 3295.7825355, 3406.4456733, 3556.1823878999994, 3579.4962539999997, 3704.8125931500003, 3724.1560799999997, 3990.6478839000006], "winterValue": 22589.4680346, "summerValue": 20981.796231599998, "yearValue": 43571.2642662, "longUnit": "Total GWh per time interval", "shortUnit": "GWh/t"}, "Industrial heating|Geothermal": {"monthlyValues": [0.149544, 0.135072, 0.149544, 0.14472000000000002, 0.0, 0.0, 0.0, 0.0, 0.0, 0.13459425, 0.14472000000000002, 0.149544], "winterValue": 0.86301825, "summerValue": 0.14472000000000002, "yearValue": 1.00773825, "longUnit": "Total GWh per time interval", "shortUnit": "GWh/t"}, "Industrial heating|Solar thermal|Solar": {"monthlyValues": [0.0, 0.0, 0.0, 0.0, 0.0, 0.0, 0.0, 0.0, 0.0, 0.0, 0.0, 0.0], "winterValue": 0.0, "summerValue": 0.0, "yearValue": 0.0, "longUnit": "Total GWh per time interval", "shortUnit": "GWh/t"}, "Industrial heating|Electric heater|Electricity": {"monthlyValues": [801.2939668800001, 626.1657779999999, 573.692751645, 576.35438895, 893.0060508000001, 735.8532398999998, 749.0014353749999, 866.2567119, 866.7507735000002, 764.5985881349999, 626.6899773, 821.4184159050001], "winterValue": 4213.859477865,