{"name": "co2-5_no_elec_imports_2050", "data": {"Transport|Total": {"monthlyValues": [2165.2949502, 1991.9685071999997, 2425.7765484, 2293.198335, 2425.1350251, 2351.250972, 2483.1980126999997, 2365.1472443999996, 2343.489966, 2459.7803523, 2301.580251, 2363.2223769], "winterValue": 13707.622985999998, "summerValue": 14261.419555199998, "yearValue": 27969.0425412, "longUnit": "Total GWh per time interval", "shortUnit": "GWh/t"}, "Transport|Hydrogen": {"monthlyValues": [401.83154304000004, 362.94461952000006, 401.83154304000004, 388.86923520000005, 401.83154304000004, 388.86923520000005, 401.83154304000004, 401.83154304000004, 388.86923520000005, 401.83154304000004, 388.86923520000005, 401.83154304000004], "winterValue": 2359.1400268800003, "summerValue": 2372.1023347200003, "yearValue": 4731.2423616, "longUnit": "Total GWh per time interval", "shortUnit": "GWh/t"}, "Transport|Gas": {"monthlyValues": [0.0, 0.0, 0.0, 0.0, 0.0, 0.0, 0.0, 0.0, 0.0, 0.0, 0.0, 0.0], "winterValue": 0.0, "summerValue": 0.0, "yearValue": 0.0, "longUnit": "Total GWh per time interval", "shortUnit": "GWh/t"}, "Transport|Oil": {"monthlyValues": [0.0, 0.0, 0.0, 0.0, 0.0, 0.0, 0.0, 0.0, 0.0, 0.0, 0.0, 0.0], "winterValue": 0.0, "summerValue": 0.0, "yearValue": 0.0, "longUnit": "Total GWh per time interval", "shortUnit": "GWh/t"}, "Transport|Electricity": {"monthlyValues": [1763.46337647, 1629.023928, 2023.9449197999998, 1904.3291204999998, 2023.303443, 1962.381735, 2081.36644548, 1963.31570322, 1954.6206570000002, 2057.9487609, 1912.7110437, 1961.3908971], "winterValue": 11348.48292597, "summerValue": 11889.3171042, "yearValue": 23237.80003017, "longUnit": "Total GWh per time interval", "shortUnit": "GWh/t"}, "Residential heating|Total": {"monthlyValues": [4488.93812205, 3435.1078986, 2045.7924054, 3459.1687334999997, 1939.0345494449998, 605.6577639, 544.4706737354999, 684.2780770980002, 480.32395065, 1311.303412635, 2722.2633315, 4201.29539955], "winterValue": 18204.700569735, "summerValue": 7712.9337483285, "yearValue": 25917.634318063498, "longUnit": "Total GWh per time interval", "shortUnit": "GWh/t"}, "Residential heating|Boiler|Biomass": {"monthlyValues": [1472.0866305, 1032.79532874, 503.6156325150001, 917.92603485, 430.78840155, 3.8405637899999996, 21.005090205000002, 2.20150902, 24.329889449999996, 299.3381241975, 830.2445676, 1395.7256929500002], "winterValue": 5533.8059765025, "summerValue": 1400.091488865, "yearValue": 6933.8974653675, "longUnit": "Total GWh per time interval", "shortUnit": "GWh/t"}, "Residential heating|Boiler|Gas": {"monthlyValues": [0.0, 0.0, 0.0, 0.0, 0.0, 0.0, 0.0, 0.0, 0.0, 0.0, 0.0, 0.0], "winterValue": 0.0, "summerValue": 0.0, "yearValue": 0.0, "longUnit": "Total GWh per time interval", "shortUnit": "GWh/t"}, "Residential heating|Boiler|Oil": {"monthlyValues": [0.0, 0.0, 0.0, 0.0, 0.0, 0.0, 0.0, 0.0, 0.0, 0.0, 0.0, 0.0], "winterValue": 0.0, "summerValue": 0.0, "yearValue": 0.0, "longUnit": "Total GWh per time interval", "shortUnit": "GWh/t"}, "Residential heating|Heat pumps|Electricity": {"monthlyValues": [2818.3383555, 2276.1713184, 1355.40380385, 2275.414317, 1205.0395766325003, 375.109362, 344.2827318405, 434.04729927299996, 319.12997175000004, 872.2290337950001, 1805.1424875, 2784.1911456], "winterValue": 11911.476144645, "summerValue": 4953.023258496, "yearValue": 16864.499403141, "longUnit": "Total GWh per time interval", "shortUnit": "GWh/t"}, "Residential heating|Electric heater|Electricity": {"monthlyValues": [155.049972, 0.0, 0.0, 18.90664038, 78.48985635, 22.78737765, 15.697971269999998, 15.697971269999998, 0.0, 0.9688684200000001, 0.0, 0.0], "winterValue": 156.01884042, "summerValue": 151.57981692, "yearValue": 307.59865733999993, "longUnit": "Total GWh per time interval", "shortUnit": "GWh/t"}, "Residential heating|Solar thermal|Solar": {"monthlyValues": [43.4630604945, 126.14122416, 186.772931556, 246.92175179999998, 224.71674611400002, 203.92045515000004, 163.48488460500002, 232.3313053935, 136.86408855, 138.76739333700002, 86.87625093, 21.3784848795], "winterValue": 603.399345357, "summerValue": 1208.2392316125001, "yearValue": 1811.6385769694998, "longUnit": "Total GWh per time interval", "shortUnit": "GWh/t"}, "Distric heating|Total": {"monthlyValues": [1128.40949685, 1013.2929618000001, 1129.7380157999999, 1077.7568625000001, 1064.759604, 910.2076335000002, 959.1398016, 906.2010535500001, 911.6623304999999, 1134.27137055, 1088.8543935, 1115.46913275], "winterValue": 6610.03537125, "summerValue": 5829.727285650001, "yearValue": 12439.7626569, "longUnit": "Total GWh per time interval", "shortUnit": "GWh/t"}, "Distric heating|Geothermal": {"monthlyValues": [0.0, 0.0, 0.0, 0.0, 0.0, 0.0, 0.0, 0.0, 0.0, 5.347499999999999e-12, 0.0, 0.0], "winterValue": 5.347499999999999e-12, "summerValue": 0.0, "yearValue": 5.347499999999999e-12, "longUnit": "Total GWh per time interval", "shortUnit": "GWh/t"}, "Distric heating|CHP|Total": {"monthlyValues": [1128.40949685, 1013.2929618000001, 1129.7380157999999, 1077.7568625000001, 1064.759604, 910.2076335000002, 959.1398016, 906.2010535500001, 911.6623304999999, 1134.27137055, 1088.8543935, 1115.46913275], "winterValue": 6610.03537125, "summerValue": 5829.727285650001, "yearValue": 12439.7626569, "longUnit": "Total GWh per time interval", "shortUnit": "GWh/t"}, "Distric heating|CHP|Gas": {"monthlyValues": [432.7859904, 390.9034752, 432.7859904, 318.5094096, 0.0, 0.0, 0.0, 0.0, 65.1928176, 432.7859904, 418.825152, 432.7859904], "winterValue": 2540.8725888, "summerValue": 383.70222720000004, "yearValue": 2924.574816, "longUnit": "Total GWh per time interval", "shortUnit": "GWh/t"}, "Distric heating|CHP|Oil": {"monthlyValues": [0.0, 0.0, 0.0, 0.0, 0.0, 0.0, 0.0, 0.0, 0.0, 0.0, 0.0, 0.0], "winterValue": 0.0, "summerValue": 0.0, "yearValue": 0.0, "longUnit": "Total GWh per time interval", "shortUnit": "GWh/t"}, "Distric heating|CHP|Wood": {"monthlyValues": [449.41793184, 405.92587391999996, 449.41793184, 434.92057919999996, 449.41793184, 434.92057919999996, 449.41793184, 449.41793184, 434.92057919999996, 449.41793184, 434.92057919999996, 449.41793184], "winterValue": 2638.51818048, "summerValue": 2653.01553312, "yearValue": 5291.5337136, "longUnit": "Total GWh per time interval", "shortUnit": "GWh/t"}, "Distric heating|CHP|Waste": {"monthlyValues": [246.205625295, 216.46366392000002, 247.534147965, 324.32688855, 615.3416675100001, 475.28703809999996, 509.72185999500005, 456.78310543500004, 411.5488968000001, 252.06750517950002, 235.10872395000004, 233.26527003], "winterValue": 1430.6449363395002, "summerValue": 2793.00945639, "yearValue": 4223.654392729501, "longUnit": "Total GWh per time interval", "shortUnit": "GWh/t"}, "Distric heating|Solar thermal|Solar": {"monthlyValues": [0.0, 0.0, 0.0, 0.0, 0.0, 0.0, 0.0, 0.0, 0.0, 0.0, 0.0, 0.0], "winterValue": 0.0, "summerValue": 0.0, "yearValue": 0.0, "longUnit": "Total GWh per time interval", "shortUnit": "GWh/t"}, "Industrial heating|Total": {"monthlyValues": [2893.5247541999997, 2491.3407497999997, 2607.72941625, 2469.2117534999998, 2252.34068565, 2006.8907669999999, 2059.66747065, 2251.74009165, 2346.270552, 2600.34496515, 2664.7690095, 2905.1047143], "winterValue": 16162.813609199999, "summerValue": 13386.12132045, "yearValue": 29548.93492965, "longUnit": "Total GWh per time interval", "shortUnit": "GWh/t"}, "Industrial heating|Geothermal": {"monthlyValues": [1097.4329592, 894.30351234, 882.0915801000001, 827.9362439999999, 627.092806665, 609.3799276499999, 647.74802715, 747.1296071699999, 850.9914828, 887.2721158049999, 960.4131345000001, 1097.4329592], "winterValue": 5818.946261145, "summerValue": 4310.278095434999, "yearValue": 10129.22435658, "longUnit": "Total GWh per time interval", "shortUnit": "GWh/t"},