{"name": "co2-10_ elec_imports_2050", "data": {"Transport|Total": {"monthlyValues": [2245.493277, 2064.4056972, 2505.9748286999993, 2370.809529, 2505.3332403, 2428.862193, 2563.3962836999995, 2445.3455246999997, 2421.101259, 2539.9786698000003, 2379.1914899999997, 2443.4206850999994], "winterValue": 14178.464647799998, "summerValue": 14734.848029699999, "yearValue": 28913.312677499995, "longUnit": "Total GWh per time interval", "shortUnit": "GWh/t"}, "Transport|Hydrogen": {"monthlyValues": [0.840124056, 0.758821728, 0.840124056, 0.81302328, 0.840124056, 0.81302328, 0.840124056, 0.840124056, 0.81302328, 0.840124056, 0.81302328, 0.840124056], "winterValue": 4.932341232, "summerValue": 4.959442008, "yearValue": 9.89178324, "longUnit": "Total GWh per time interval", "shortUnit": "GWh/t"}, "Transport|Gas": {"monthlyValues": [481.18969296, 434.62294848, 481.18969296, 465.6674448, 481.18969296, 465.6674448, 481.18969296, 481.18969296, 465.6674448, 481.18969296, 465.6674448, 481.18969296], "winterValue": 2825.04916512, "summerValue": 2840.57141328, "yearValue": 5665.6205784, "longUnit": "Total GWh per time interval", "shortUnit": "GWh/t"}, "Transport|Oil": {"monthlyValues": [0.0, 0.0, 0.0, 0.0, 0.0, 0.0, 0.0, 0.0, 0.0, 0.0, 0.0, 0.0], "winterValue": 0.0, "summerValue": 0.0, "yearValue": 0.0, "longUnit": "Total GWh per time interval", "shortUnit": "GWh/t"}, "Transport|Electricity": {"monthlyValues": [1763.46337647, 1629.023928, 2023.9449197999998, 1904.3291204999998, 2023.303443, 1962.381735, 2081.36644548, 1963.31570322, 1954.6206570000002, 2057.9487609, 1912.7110437, 1961.3908971], "winterValue": 11348.48292597, "summerValue": 11889.3171042, "yearValue": 23237.80003017, "longUnit": "Total GWh per time interval", "shortUnit": "GWh/t"}, "Residential heating|Total": {"monthlyValues": [4478.3346015, 3428.0279837999997, 2033.809095, 3448.1807010000007, 1930.60508013, 605.0976909299999, 540.4925440049999, 680.890391673, 481.9459536, 1296.4371119999998, 2710.316592, 4192.672420950001], "winterValue": 18139.59780525, "summerValue": 7687.212361338001, "yearValue": 25826.810166588002, "longUnit": "Total GWh per time interval", "shortUnit": "GWh/t"}, "Residential heating|Boiler|Biomass": {"monthlyValues": [1483.34480874, 1070.29577634, 556.3277125950001, 989.3631213, 486.9715423455001, 21.243607604999998, 42.321825735000004, 42.79257732000001, 45.299575350000005, 338.71436674499995, 854.4141549, 1401.7809276], "winterValue": 5704.8777469199995, "summerValue": 1627.9922496555, "yearValue": 7332.8699965754995, "longUnit": "Total GWh per time interval", "shortUnit": "GWh/t"}, "Residential heating|Boiler|Gas": {"monthlyValues": [0.0, 0.0, 0.0, 0.0, 0.0, 0.0, 0.0, 0.0, 0.0, 0.0, 0.0, 0.0], "winterValue": 0.0, "summerValue": 0.0, "yearValue": 0.0, "longUnit": "Total GWh per time interval", "shortUnit": "GWh/t"}, "Residential heating|Boiler|Oil": {"monthlyValues": [0.0, 0.0, 0.0, 0.0, 0.0, 0.0, 0.0, 0.0, 0.0, 0.0, 0.0, 0.0], "winterValue": 0.0, "summerValue": 0.0, "yearValue": 0.0, "longUnit": "Total GWh per time interval", "shortUnit": "GWh/t"}, "Residential heating|Heat pumps|Electricity": {"monthlyValues": [2809.9688437500004, 2269.4118216, 1346.7083922, 2284.1049735000006, 1209.63362202, 397.80051385499996, 341.57320581, 449.96655032550007, 322.14698864999997, 860.561804355, 1795.0742415, 2775.92292945], "winterValue": 11857.648032855, "summerValue": 5005.225854160501, "yearValue": 16862.873887015503, "longUnit": "Total GWh per time interval", "shortUnit": "GWh/t"}, "Residential heating|Electric heater|Electricity": {"monthlyValues": [154.58952156, 0.0, 0.0, 1.8251905499999999, 69.91187533499999, 0.0, 15.582857729999999, 0.0, 0.0, 0.0, 0.0, 0.0], "winterValue": 154.58952156, "summerValue": 87.319923615, "yearValue": 241.909445175, "longUnit": "Total GWh per time interval", "shortUnit": "GWh/t"}, "Residential heating|Solar thermal|Solar": {"monthlyValues": [30.431580574500003, 88.32044045999999, 130.7730148965, 172.88748405, 164.0880444285, 186.05357909999998, 141.01465203299998, 188.13127458300002, 114.49939256999997, 97.16092448550002, 60.82824357, 14.968597845], "winterValue": 422.48280183149996, "summerValue": 966.6744267644999, "yearValue": 1389.157228596, "longUnit": "Total GWh per time interval", "shortUnit": "GWh/t"}, "Distric heating|Total": {"monthlyValues": [1388.83343505, 1237.661712, 1173.51860745, 1113.8332005, 1298.2055256, 1085.3720325, 1103.3290197, 1076.5627547999998, 1011.9134295000001, 1042.0177374, 1242.4385069999998, 1390.4019358499997], "winterValue": 7474.871934749999, "summerValue": 6689.215962599999, "yearValue": 14164.087897349998, "longUnit": "Total GWh per time interval", "shortUnit": "GWh/t"}, "Distric heating|Geothermal": {"monthlyValues": [0.0, 0.0, 1.44615e-11, 0.0, 0.0, 0.0, 0.0, 0.0, 0.0, 0.0, 0.0, 0.0], "winterValue": 1.44615e-11, "summerValue": 0.0, "yearValue": 1.44615e-11, "longUnit": "Total GWh per time interval", "shortUnit": "GWh/t"}, "Distric heating|CHP|Total": {"monthlyValues": [1388.83343505, 1237.661712, 1173.51860745, 1113.8332005, 1298.2055256, 1085.3720325, 1103.3290197, 1076.5627547999998, 1011.9134295000001, 1042.0177374, 1242.4385069999998, 1390.4019358499997], "winterValue": 7474.871934749999, "summerValue": 6689.215962599999, "yearValue": 14164.087897349998, "longUnit": "Total GWh per time interval", "shortUnit": "GWh/t"}, "Distric heating|CHP|Gas": {"monthlyValues": [0.0, 0.0, 0.0, 0.0, 0.0, 0.0, 0.0, 0.0, 0.0, 0.0, 0.0, 0.0], "winterValue": 0.0, "summerValue": 0.0, "yearValue": 0.0, "longUnit": "Total GWh per time interval", "shortUnit": "GWh/t"}, "Distric heating|CHP|Oil": {"monthlyValues": [0.0, 0.0, 0.0, 0.0, 0.0, 0.0, 0.0, 0.0, 0.0, 0.0, 0.0, 0.0], "winterValue": 0.0, "summerValue": 0.0, "yearValue": 0.0, "longUnit": "Total GWh per time interval", "shortUnit": "GWh/t"}, "Distric heating|CHP|Wood": {"monthlyValues": [597.6707496, 539.8316447999999, 597.6707496, 578.391048, 597.6707496, 578.391048, 597.6707496, 597.6707496, 578.391048, 597.6707496, 578.391048, 597.6707496], "winterValue": 3508.9056911999996, "summerValue": 3528.1853927999996, "yearValue": 7037.091084, "longUnit": "Total GWh per time interval", "shortUnit": "GWh/t"}, "Distric heating|CHP|Waste": {"monthlyValues": [791.1626901, 697.8300646800001, 575.847849945, 535.44214395, 700.5347908800001, 506.9810133, 505.65830916, 478.892009385, 433.52238735000003, 444.34699338, 664.0474662, 792.73120485], "winterValue": 3965.966269155, "summerValue": 3161.0306540250003, "yearValue": 7126.99692318, "longUnit": "Total GWh per time interval", "shortUnit": "GWh/t"}, "Distric heating|Solar thermal|Solar": {"monthlyValues": [0.0, 0.0, 0.0, 0.0, 0.0, 0.0, 0.0, 0.0, 0.0, 0.0, 0.0, 0.0], "winterValue": 0.0, "summerValue": 0.0, "yearValue": 0.0, "longUnit": "Total GWh per time interval", "shortUnit": "GWh/t"}, "Industrial heating|Total": {"monthlyValues": [2069.7131864999997, 1757.5622484, 2010.05124525, 2038.802472, 2031.94580745, 1781.6608170000002, 1846.0443083999999, 2021.0124205500001, 2086.784478, 2152.40741475, 1971.5973254999997, 2066.0175664500002], "winterValue": 12027.348986849998, "summerValue": 11806.2503034, "yearValue": 23833.59929025, "longUnit": "Total GWh per time interval", "shortUnit": "GWh/t"}, "Industrial heating|Geothermal": {"monthlyValues": [1080.02946, 876.2101013399999, 860.7046649099999, 825.9286585499999, 752.9037083999999, 619.2297666000001, 650.494108365, 750.0736333049999, 828.7785098999998, 866.7866696099999, 941.11648065, 1080.02946], "winterValue": 5704.8768365099995, "summerValue": 4427.408385119999, "yearValue": 10132.285221629998, "longUnit": "Total GWh per time interval", "shortUnit": "GWh/t"}, "Industrial heating|Solar thermal|Solar": {"monthlyValues": [4.625658831000001, 13.424876639999999, 19.877750808000002, 26.27923032, 24.941684973, 35.85429135, 26.4260736435, 28.596337825499997, 22.42635687, 14.768629617, 9.24601014, 2.2752614609999995], "winterValue": 64.218187497, "summerValue": 164.523974982,