{"name": "co2--5_no_elec_imports_2050", "data": {"Transport|Total": {"monthlyValues": [2165.2949502, 1991.9685071999997, 2425.7765484, 2293.198335, 2425.1350251, 2351.250972, 2483.1980126999997, 2365.1472443999996, 2343.489966, 2459.7803523, 2301.580251, 2363.2223769], "winterValue": 13707.622985999998, "summerValue": 14261.419555199998, "yearValue": 27969.0425412, "longUnit": "Total GWh per time interval", "shortUnit": "GWh/t"}, "Transport|Hydrogen": {"monthlyValues": [401.83154304000004, 362.94461952000006, 401.83154304000004, 388.86923520000005, 401.83154304000004, 388.86923520000005, 401.83154304000004, 401.83154304000004, 388.86923520000005, 401.83154304000004, 388.86923520000005, 401.83154304000004], "winterValue": 2359.1400268800003, "summerValue": 2372.1023347200003, "yearValue": 4731.2423616, "longUnit": "Total GWh per time interval", "shortUnit": "GWh/t"}, "Transport|Gas": {"monthlyValues": [0.0, 0.0, 0.0, 0.0, 0.0, 0.0, 0.0, 0.0, 0.0, 0.0, 0.0, 0.0], "winterValue": 0.0, "summerValue": 0.0, "yearValue": 0.0, "longUnit": "Total GWh per time interval", "shortUnit": "GWh/t"}, "Transport|Oil": {"monthlyValues": [0.0, 0.0, 0.0, 0.0, 0.0, 0.0, 0.0, 0.0, 0.0, 0.0, 0.0, 0.0], "winterValue": 0.0, "summerValue": 0.0, "yearValue": 0.0, "longUnit": "Total GWh per time interval", "shortUnit": "GWh/t"}, "Transport|Electricity": {"monthlyValues": [1763.46337647, 1629.023928, 2023.9449197999998, 1904.3291204999998, 2023.303443, 1962.381735, 2081.36644548, 1963.31570322, 1954.6206570000002, 2057.9487609, 1912.7110437, 1961.3908971], "winterValue": 11348.48292597, "summerValue": 11889.3171042, "yearValue": 23237.80003017, "longUnit": "Total GWh per time interval", "shortUnit": "GWh/t"}, "Residential heating|Total": {"monthlyValues": [4476.7042278, 3425.7235529999994, 2042.7658226999997, 3456.943749, 1935.667028745, 605.033577945, 543.5470517685001, 687.6028329569999, 482.70319559999996, 1309.7125648649999, 2716.319952, 4189.81573995], "winterValue": 18161.041860314996, "summerValue": 7711.497436015499, "yearValue": 25872.53929633049, "longUnit": "Total GWh per time interval", "shortUnit": "GWh/t"}, "Residential heating|Boiler|Biomass": {"monthlyValues": [1463.470801275, 1007.70040056, 468.74908621500003, 870.5147067, 413.48644812000003, 0.9257147550000001, 6.8576112149999995, 0.0, 10.412739, 273.204931176, 814.2037209, 1391.4781690500001], "winterValue": 5418.807109176, "summerValue": 1302.19721979, "yearValue": 6721.004328966001, "longUnit": "Total GWh per time interval", "shortUnit": "GWh/t"}, "Residential heating|Boiler|Gas": {"monthlyValues": [0.0, 0.0, 0.0, 0.0, 0.0, 0.0, 0.0, 0.0, 0.0, 0.0, 0.0, 0.0], "winterValue": 0.0, "summerValue": 0.0, "yearValue": 0.0, "longUnit": "Total GWh per time interval", "shortUnit": "GWh/t"}, "Residential heating|Boiler|Oil": {"monthlyValues": [0.0, 0.0, 0.0, 0.0, 0.0, 0.0, 0.0, 0.0, 0.0, 0.0, 0.0, 0.0], "winterValue": 0.0, "summerValue": 0.0, "yearValue": 0.0, "longUnit": "Total GWh per time interval", "shortUnit": "GWh/t"}, "Residential heating|Heat pumps|Electricity": {"monthlyValues": [2806.71133275, 2266.7810088, 1350.07776825, 2282.8538204999995, 1244.6900826899998, 375.229462095, 342.5937217335, 437.885405367, 320.58338175, 870.1268952749999, 1797.9525018, 2772.7049853], "winterValue": 11864.354492175, "summerValue": 5003.8358741355, "yearValue": 16868.1903663105, "longUnit": "Total GWh per time interval", "shortUnit": "GWh/t"}, "Residential heating|Electric heater|Electricity": {"monthlyValues": [154.41031800000002, 0.0, 0.0, 7.51841505, 34.14883972500001, 22.55524515, 15.53805777, 15.53805777, 0.0, 0.0, 0.0, 0.0], "winterValue": 154.41031800000002, "summerValue": 95.298615465, "yearValue": 249.708933465, "longUnit": "Total GWh per time interval", "shortUnit": "GWh/t"}, "Residential heating|Solar thermal|Solar": {"monthlyValues": [52.111786005, 151.24209466800002, 223.93893150000002, 296.0567829, 243.341698851, 206.32314645, 178.55765454, 234.17935721849997, 151.707072105, 166.38075343350002, 104.16377875500001, 25.632595830000003], "winterValue": 723.4699401915001, "summerValue": 1310.1657120644998, "yearValue": 2033.635652256, "longUnit": "Total GWh per time interval", "shortUnit": "GWh/t"}, "Distric heating|Total": {"monthlyValues": [1352.5242122999998, 1196.7296745600001, 1344.62015067, 1293.5075345999999, 1073.88094542, 945.9481896000001, 974.3008234199998, 910.9194671399999, 1027.4564826, 1351.9928475000002, 1300.41508275, 1360.6273302000002], "winterValue": 7906.90929798, "summerValue": 6226.01344278, "yearValue": 14132.92274076, "longUnit": "Total GWh per time interval", "shortUnit": "GWh/t"}, "Distric heating|Geothermal": {"monthlyValues": [0.0, 0.0, 0.0, 0.0, 0.0, 0.0, 0.0, 0.0, 0.0, 0.0, 0.0, 0.0], "winterValue": 0.0, "summerValue": 0.0, "yearValue": 0.0, "longUnit": "Total GWh per time interval", "shortUnit": "GWh/t"}, "Distric heating|CHP|Total": {"monthlyValues": [1352.5242122999998, 1196.7296745600001, 1344.62015067, 1293.5075345999999, 1073.88094542, 945.9481896000001, 974.3008234199998, 910.9194671399999, 1027.4564826, 1351.9928475000002, 1300.41508275, 1360.6273302000002], "winterValue": 7906.90929798, "summerValue": 6226.01344278, "yearValue": 14132.92274076, "longUnit": "Total GWh per time interval", "shortUnit": "GWh/t"}, "Distric heating|CHP|Gas": {"monthlyValues": [862.9894824, 730.757223, 805.8919045500002, 658.3955697, 0.0, 0.0, 0.0, 0.0, 282.496113, 825.4317746399998, 798.9258851999999, 862.9894824], "winterValue": 4886.985752189999, "summerValue": 940.8916827, "yearValue": 5827.877434890001, "longUnit": "Total GWh per time interval", "shortUnit": "GWh/t"}, "Distric heating|CHP|Oil": {"monthlyValues": [0.0, 0.0, 0.0, 0.0, 0.0, 0.0, 0.0, 0.0, 0.0, 0.0, 0.0, 0.0], "winterValue": 0.0, "summerValue": 0.0, "yearValue": 0.0, "longUnit": "Total GWh per time interval", "shortUnit": "GWh/t"}, "Distric heating|CHP|Wood": {"monthlyValues": [270.49286592, 244.31613696, 325.996023405, 281.073915, 469.99466172, 318.48119685, 290.44304550000004, 290.44304550000004, 281.073915, 270.49286592, 261.7672896, 270.49286592], "winterValue": 1643.558047725, "summerValue": 1931.5097795700003, "yearValue": 3575.067827295, "longUnit": "Total GWh per time interval", "shortUnit": "GWh/t"}, "Distric heating|CHP|Waste": {"monthlyValues": [219.041807715, 221.65627890000002, 212.73219727949999, 354.0380472, 603.88626882, 627.4670103, 683.8577848949999, 620.47642443, 463.88645820000005, 256.068177645, 239.72188095, 227.144924685], "winterValue": 1376.3652671745, "summerValue": 3353.611993845, "yearValue": 4729.9772610195, "longUnit": "Total GWh per time interval", "shortUnit": "GWh/t"}, "Distric heating|Solar thermal|Solar": {"monthlyValues": [0.0, 0.0, 0.0, 0.0, 0.0, 0.0, 0.0, 0.0, 0.0, 0.0, 0.0, 0.0], "winterValue": 0.0, "summerValue": 0.0, "yearValue": 0.0, "longUnit": "Total GWh per time interval", "shortUnit": "GWh/t"}, "Industrial heating|Total": {"monthlyValues": [3909.1570152000004, 3948.5589191999998, 4390.53325965, 4410.657963, 3963.8767086000003, 3888.4509494999998, 3818.0833427999996, 4035.6522532500003, 4173.722946, 4213.131816450001, 3917.371090499999, 3737.5385072999998], "winterValue": 24116.290608299998, "summerValue": 24290.44416315, "yearValue": 48406.73477145001, "longUnit": "Total GWh per time interval", "shortUnit": "GWh/t"}, "Industrial heating|Geothermal": {"monthlyValues": [1407.4966703999999, 1099.26883122, 1032.018390885, 769.6100493, 459.975817476, 82.3298814, 406.997598645, 347.807560506, 835.7099625000001, 1074.8329087650002, 1195.89207615, 1407.4966703999999], "winterValue": 7217.00554782, "summerValue": 2902.4308698269997, "yearValue": 10119.436417646999, "longUnit": "Total GWh per time interval", "shortUnit": "GWh/t"}, "Industrial heating|Solar thermal|Solar": {"monthlyValues": [320.81957876999996, 897.5034744480001, 1238.3912010600002, 1655.5452704999998, 1638.656031039, 2225.429613, 1800.696418905, 1975.338873885, 1555.41391785, 1024.301897235, 641.2710276000001, 157.803810717],