{"name": "co2-20_no_elec_imports_2050", "data": {"Transport|Total": {"monthlyValues": [2245.4952951, 2064.4075451999997, 2505.9769119, 2370.811581, 2505.3353421, 2428.8641999999995, 2563.3982553, 2445.3475707, 2421.103221, 2539.9806693, 2379.1934880000003, 2443.4227404000003], "winterValue": 14178.4766499, "summerValue": 14734.860170099999, "yearValue": 28913.33682, "longUnit": "Total GWh per time interval", "shortUnit": "GWh/t"}, "Transport|Hydrogen": {"monthlyValues": [0.830111304, 0.749777952, 0.830111304, 0.80333352, 0.830111304, 0.80333352, 0.830111304, 0.830111304, 0.80333352, 0.830111304, 0.80333352, 0.830111304], "winterValue": 4.873556688, "summerValue": 4.900334472, "yearValue": 9.773891160000002, "longUnit": "Total GWh per time interval", "shortUnit": "GWh/t"}, "Transport|Gas": {"monthlyValues": [481.201716, 434.63380799999993, 481.201716, 465.67907999999994, 481.201716, 465.67907999999994, 481.201716, 481.201716, 465.67907999999994, 481.201716, 465.67907999999994, 481.201716], "winterValue": 2825.119752, "summerValue": 2840.6423879999998, "yearValue": 5665.762139999999, "longUnit": "Total GWh per time interval", "shortUnit": "GWh/t"}, "Transport|Oil": {"monthlyValues": [0.0, 0.0, 0.0, 0.0, 0.0, 0.0, 0.0, 0.0, 0.0, 0.0, 0.0, 0.0], "winterValue": 0.0, "summerValue": 0.0, "yearValue": 0.0, "longUnit": "Total GWh per time interval", "shortUnit": "GWh/t"}, "Transport|Electricity": {"monthlyValues": [1763.46337647, 1629.023928, 2023.9449197999998, 1904.3291204999998, 2023.303443, 1962.381735, 2081.36644548, 1963.31570322, 1954.6206570000002, 2057.9487609, 1912.7110437, 1961.3908971], "winterValue": 11348.48292597, "summerValue": 11889.3171042, "yearValue": 23237.80003017, "longUnit": "Total GWh per time interval", "shortUnit": "GWh/t"}, "Residential heating|Total": {"monthlyValues": [5050.13596425, 3865.593879, 2293.8270603, 3884.3544554999994, 2165.2407674700003, 684.38112075, 605.5175757750001, 756.5960871675001, 536.4030271502858, 1457.592968775, 3057.4578465, 4727.54270715], "winterValue": 20452.150425975, "summerValue": 8632.493033812785, "yearValue": 29084.64345978779, "longUnit": "Total GWh per time interval", "shortUnit": "GWh/t"}, "Residential heating|Boiler|Biomass": {"monthlyValues": [2658.47819565, 1969.8379553999998, 1087.029523965, 1890.469512, 983.4549580349999, 127.27020446999998, 147.7463845395, 209.22308607899996, 152.08132562999998, 673.7284746, 1564.6104809999997, 2501.5688421000004], "winterValue": 10455.253472715001, "summerValue": 3510.2454707535, "yearValue": 13965.498943468501, "longUnit": "Total GWh per time interval", "shortUnit": "GWh/t"}, "Residential heating|Boiler|Gas": {"monthlyValues": [0.0, 0.0, 0.0, 0.0, 0.0, 0.0, 0.0, 0.0, 0.0, 0.0, 0.0, 0.0], "winterValue": 0.0, "summerValue": 0.0, "yearValue": 0.0, "longUnit": "Total GWh per time interval", "shortUnit": "GWh/t"}, "Residential heating|Boiler|Oil": {"monthlyValues": [0.0, 0.0, 0.0, 0.0, 0.0, 0.0, 0.0, 0.0, 0.0, 0.0, 0.0, 0.0], "winterValue": 0.0, "summerValue": 0.0, "yearValue": 0.0, "longUnit": "Total GWh per time interval", "shortUnit": "GWh/t"}, "Residential heating|Heat pumps|Electricity": {"monthlyValues": [2238.14985285, 1807.594341, 1076.2597747500001, 1821.3084450000001, 994.7423354850001, 321.654756735, 284.23040742, 359.5801520175, 252.1346238, 686.878333755, 1432.128546, 2211.0322293000004], "winterValue": 9452.043077655, "summerValue": 4033.6507204575005, "yearValue": 13485.693798112501, "longUnit": "Total GWh per time interval", "shortUnit": "GWh/t"}, "Residential heating|Electric heater|Electricity": {"monthlyValues": [123.13109232000001, 0.0, 0.0, 0.0, 23.250619194, 0.0, 0.0, 0.0, 2.8575e-10, 0.0, 0.0, 0.0], "winterValue": 123.13109232000001, "summerValue": 23.250619194285747, "yearValue": 146.38171151428577, "longUnit": "Total GWh per time interval", "shortUnit": "GWh/t"}, "Residential heating|Solar thermal|Solar": {"monthlyValues": [30.376836775500003, 88.16155719000001, 130.537765026, 172.57647734999998, 163.792860429, 235.45616715, 173.54079074400002, 187.79284432800003, 132.18707915999997, 96.98613940199998, 60.718818465, 14.9416710435], "winterValue": 421.722787902, "summerValue": 1065.346219161, "yearValue": 1487.0690070629998, "longUnit": "Total GWh per time interval", "shortUnit": "GWh/t"}, "Distric heating|Total": {"monthlyValues": [1832.74349025, 1657.764087, 1869.96847935, 1675.0399679999998, 1354.2965691, 1125.8437725000001, 1148.88222855, 1124.4178764, 1427.792328, 1196.7464362500002, 1689.789123, 1830.52445445], "winterValue": 10077.5360703, "summerValue": 7856.27274255, "yearValue": 17933.80881285, "longUnit": "Total GWh per time interval", "shortUnit": "GWh/t"}, "Distric heating|Geothermal": {"monthlyValues": [77.0477844, 69.5915472, 77.0477844, 74.562372, 67.46862881099999, 55.330272765, 52.2219622215, 54.82413416699999, 55.521748169999995, 69.925976925, 74.10046904999999, 77.0477844], "winterValue": 444.76134637499996, "summerValue": 359.92911813449996, "yearValue": 804.6904645095, "longUnit": "Total GWh per time interval", "shortUnit": "GWh/t"}, "Distric heating|CHP|Total": {"monthlyValues": [1755.6957477000003, 1588.1725902000003, 1792.9207507500003, 1600.4776004999999, 1286.82797535, 1070.5135050000001, 1096.6602454499998, 1069.593744, 1372.270563, 1126.82045235, 1615.6886760000002, 1753.4767491], "winterValue": 9632.774966100002, "summerValue": 7496.3436333, "yearValue": 17129.1185994, "longUnit": "Total GWh per time interval", "shortUnit": "GWh/t"}, "Distric heating|CHP|Gas": {"monthlyValues": [730.5866472, 659.8847135999999, 730.5866472, 562.4310402000001, 157.44148211249998, 0.0, 0.0, 0.0, 348.4294463250001, 70.00279501800001, 610.1182858499999, 730.5866472], "winterValue": 3531.7657360679996, "summerValue": 1068.3019686375, "yearValue": 4600.0677047055, "longUnit": "Total GWh per time interval", "shortUnit": "GWh/t"}, "Distric heating|CHP|Oil": {"monthlyValues": [0.0, 0.0, 0.0, 0.0, 0.0, 0.0, 0.0, 0.0, 0.0, 0.0, 0.0, 0.0], "winterValue": 0.0, "summerValue": 0.0, "yearValue": 0.0, "longUnit": "Total GWh per time interval", "shortUnit": "GWh/t"}, "Distric heating|CHP|Wood": {"monthlyValues": [314.7619224, 284.3010912, 314.7619224, 304.608312, 314.7619224, 304.608312, 314.7619224, 314.7619224, 304.608312, 314.7619224, 304.608312, 314.7619224], "winterValue": 1847.9570928, "summerValue": 1858.1107032000002, "yearValue": 3706.067796, "longUnit": "Total GWh per time interval", "shortUnit": "GWh/t"}, "Distric heating|CHP|Waste": {"monthlyValues": [710.34720879, 643.98680388, 747.5722118399998, 733.4382627, 814.62456363, 765.9051903, 781.8983230499999, 754.83183276, 719.2328300999999, 742.0557559499999, 700.9621020000001, 708.128200425], "winterValue": 4253.052282885, "summerValue": 4569.93100254, "yearValue": 8822.983285425, "longUnit": "Total GWh per time interval", "shortUnit": "GWh/t"}, "Distric heating|Solar thermal|Solar": {"monthlyValues": [0.0, 0.0, 0.0, 0.0, 0.0, 0.0, 0.0, 0.0, 0.0, 0.0, 0.0, 0.0], "winterValue": 0.0, "summerValue": 0.0, "yearValue": 0.0, "longUnit": "Total GWh per time interval", "shortUnit": "GWh/t"}, "Industrial heating|Total": {"monthlyValues": [1954.5217031999998, 1637.8267793999999, 1637.5921181999997, 1595.999358, 1505.86656945, 1278.6041430000002, 1337.63952975, 1498.3088268, 1589.430321, 1643.5495726499998, 1744.0718445, 1956.9180993000002], "winterValue": 10574.48011725, "summerValue": 8805.848748, "yearValue": 19380.328865249998, "longUnit": "Total GWh per time interval", "shortUnit": "GWh/t"}, "Industrial heating|Geothermal": {"monthlyValues": [978.0247536, 799.41613332, 792.11097018, 766.5590034, 700.354805655, 588.9664359, 608.5986504299999, 700.354805655, 766.5589944, 792.1109655299999, 856.5172812000001, 978.0247536], "winterValue": 5196.20485743, "summerValue": 4131.392695439999, "yearValue": 9327.597552870002, "longUnit": "Total GWh per time interval", "shortUnit": "GWh/t"},