{"name": "co2-0_ elec_imports_2050", "data": {"Transport|Total": {"monthlyValues": [2165.2949502, 1991.9685071999997, 2425.7765484, 2293.198335, 2425.1350251, 2351.250972, 2483.1980126999997, 2365.1472443999996, 2343.489966, 2459.7803523, 2301.580251, 2363.2223769], "winterValue": 13707.622985999998, "summerValue": 14261.419555199998, "yearValue": 27969.0425412, "longUnit": "Total GWh per time interval", "shortUnit": "GWh/t"}, "Transport|Hydrogen": {"monthlyValues": [401.83154304000004, 362.94461952000006, 401.83154304000004, 388.86923520000005, 401.83154304000004, 388.86923520000005, 401.83154304000004, 401.83154304000004, 388.86923520000005, 401.83154304000004, 388.86923520000005, 401.83154304000004], "winterValue": 2359.1400268800003, "summerValue": 2372.1023347200003, "yearValue": 4731.2423616, "longUnit": "Total GWh per time interval", "shortUnit": "GWh/t"}, "Transport|Gas": {"monthlyValues": [0.0, 0.0, 0.0, 0.0, 0.0, 0.0, 0.0, 0.0, 0.0, 0.0, 0.0, 0.0], "winterValue": 0.0, "summerValue": 0.0, "yearValue": 0.0, "longUnit": "Total GWh per time interval", "shortUnit": "GWh/t"}, "Transport|Oil": {"monthlyValues": [0.0, 0.0, 0.0, 0.0, 0.0, 0.0, 0.0, 0.0, 0.0, 0.0, 0.0, 0.0], "winterValue": 0.0, "summerValue": 0.0, "yearValue": 0.0, "longUnit": "Total GWh per time interval", "shortUnit": "GWh/t"}, "Transport|Electricity": {"monthlyValues": [1763.46337647, 1629.023928, 2023.9449197999998, 1904.3291204999998, 2023.303443, 1962.381735, 2081.36644548, 1963.31570322, 1954.6206570000002, 2057.9487609, 1912.7110437, 1961.3908971], "winterValue": 11348.48292597, "summerValue": 11889.3171042, "yearValue": 23237.80003017, "longUnit": "Total GWh per time interval", "shortUnit": "GWh/t"}, "Residential heating|Total": {"monthlyValues": [4476.1437726, 3425.306955, 2029.8457884, 3448.3327605, 1933.8602168399998, 604.8035921699999, 544.885000965, 686.6713385400001, 483.1565791500001, 1292.0709847350001, 2705.3018819999998, 4189.3065603], "winterValue": 18117.975943035002, "summerValue": 7701.709488164999, "yearValue": 25819.6854312, "longUnit": "Total GWh per time interval", "shortUnit": "GWh/t"}, "Residential heating|Boiler|Biomass": {"monthlyValues": [1468.99166676, 1023.7808847, 491.09108583, 900.8952201, 424.57329711, 3.2654446200000007, 15.923118968999997, 1.898362779, 19.33065585, 289.95072093749997, 824.4824656499999, 1394.199921], "winterValue": 5492.4967448775005, "summerValue": 1365.8860994279999, "yearValue": 6858.382844305499, "longUnit": "Total GWh per time interval", "shortUnit": "GWh/t"}, "Residential heating|Boiler|Gas": {"monthlyValues": [0.0, 0.0, 0.0, 0.0, 0.0, 0.0, 0.0, 0.0, 0.0, 0.0, 0.0, 0.0], "winterValue": 0.0, "summerValue": 0.0, "yearValue": 0.0, "longUnit": "Total GWh per time interval", "shortUnit": "GWh/t"}, "Residential heating|Boiler|Oil": {"monthlyValues": [0.0, 0.0, 0.0, 0.0, 0.0, 0.0, 0.0, 0.0, 0.0, 0.0, 0.0, 0.0], "winterValue": 0.0, "summerValue": 0.0, "yearValue": 0.0, "longUnit": "Total GWh per time interval", "shortUnit": "GWh/t"}, "Residential heating|Heat pumps|Electricity": {"monthlyValues": [2806.2001628999997, 2266.3682117999997, 1338.6312329250002, 2275.3507365, 1249.530099825, 382.24895940000005, 344.58901260000005, 452.319669945, 321.6300246, 853.4337677400001, 1787.7332475, 2772.1999859999996], "winterValue": 11824.566608865, "summerValue": 5025.66850287, "yearValue": 16850.235111734997, "longUnit": "Total GWh per time interval", "shortUnit": "GWh/t"}, "Residential heating|Electric heater|Electricity": {"monthlyValues": [154.38220223999997, 0.0, 0.0, 7.515013499999999, 28.349727912, 15.030026999999999, 15.5310279, 0.0, 0.0, 0.0, 0.0, 0.0], "winterValue": 154.38220223999997, "summerValue": 66.425796312, "yearValue": 220.80799855199996, "longUnit": "Total GWh per time interval", "shortUnit": "GWh/t"}, "Residential heating|Solar thermal|Solar": {"monthlyValues": [46.56980487, 135.15780117000003, 200.12347452749998, 264.5717445, 231.40708520400003, 204.25916654999997, 168.841852005, 232.4532978645, 142.195896, 148.6865017305, 93.08617299, 22.906620378], "winterValue": 646.5303756659999, "summerValue": 1243.7290421235, "yearValue": 1890.2594177895, "longUnit": "Total GWh per time interval", "shortUnit": "GWh/t"}, "Distric heating|Total": {"monthlyValues": [910.1814767999999, 795.88461204, 883.05638628, 879.8279544, 873.4598371799999, 889.0808517, 913.4529443099999, 875.5057706849999, 861.81555285, 897.7265912999999, 856.9534468500001, 879.5797989], "winterValue": 5223.382312170001, "summerValue": 5293.142911125, "yearValue": 10516.525223295, "longUnit": "Total GWh per time interval", "shortUnit": "GWh/t"}, "Distric heating|Geothermal": {"monthlyValues": [0.0, 0.0, 0.0, 0.0, 0.0, 0.0, 0.0, 0.0, 0.0, 0.0, 0.0, 0.0], "winterValue": 0.0, "summerValue": 0.0, "yearValue": 0.0, "longUnit": "Total GWh per time interval", "shortUnit": "GWh/t"}, "Distric heating|CHP|Total": {"monthlyValues": [910.1814767999999, 795.88461204, 883.05638628, 879.8279544, 873.4598371799999, 889.0808517, 913.4529443099999, 875.5057706849999, 861.81555285, 897.7265912999999, 856.9534468500001, 879.5797989], "winterValue": 5223.382312170001, "summerValue": 5293.142911125, "yearValue": 10516.525223295, "longUnit": "Total GWh per time interval", "shortUnit": "GWh/t"}, "Distric heating|CHP|Gas": {"monthlyValues": [0.0, 0.0, 0.0, 0.0, 0.0, 0.0, 0.0, 0.0, 0.0, 0.0, 0.0, 0.0], "winterValue": 0.0, "summerValue": 0.0, "yearValue": 0.0, "longUnit": "Total GWh per time interval", "shortUnit": "GWh/t"}, "Distric heating|CHP|Oil": {"monthlyValues": [0.0, 0.0, 0.0, 0.0, 0.0, 0.0, 0.0, 0.0, 0.0, 0.0, 0.0, 0.0], "winterValue": 0.0, "summerValue": 0.0, "yearValue": 0.0, "longUnit": "Total GWh per time interval", "shortUnit": "GWh/t"}, "Distric heating|CHP|Wood": {"monthlyValues": [282.84939648, 255.47687423999997, 282.84939648, 276.716817, 491.6614157700001, 301.5261387, 282.84939648, 288.275450325, 273.7252224, 282.84939648, 273.7252224, 282.84939648], "winterValue": 1660.59968256, "summerValue": 1914.7544406750003, "yearValue": 3575.354123235, "longUnit": "Total GWh per time interval", "shortUnit": "GWh/t"}, "Distric heating|CHP|Waste": {"monthlyValues": [627.33206637, 540.40772226, 600.20698887, 603.1111405499998, 381.798403275, 587.5547147999999, 630.6035478299999, 587.2303273350001, 588.0903318000001, 614.877190635, 583.2282104100001, 596.73038289], "winterValue": 3562.782561435, "summerValue": 3378.38846559, "yearValue": 6941.171027025001, "longUnit": "Total GWh per time interval", "shortUnit": "GWh/t"}, "Distric heating|Solar thermal|Solar": {"monthlyValues": [0.0, 0.0, 0.0, 0.0, 0.0, 0.0, 0.0, 0.0, 0.0, 0.0, 0.0, 0.0], "winterValue": 0.0, "summerValue": 0.0, "yearValue": 0.0, "longUnit": "Total GWh per time interval", "shortUnit": "GWh/t"}, "Industrial heating|Total": {"monthlyValues": [3181.34119605, 2952.4630632, 3188.1507536999998, 3097.281438, 3084.4565256000005, 2883.7705185000004, 2887.5160660500005, 3115.4568619499996, 3133.2465089999996, 3115.18038225, 3051.0627120000004, 3144.5801049], "winterValue": 18632.7782121, "summerValue": 18201.7279191, "yearValue": 36834.5061312, "longUnit": "Total GWh per time interval", "shortUnit": "GWh/t"}, "Industrial heating|Geothermal": {"monthlyValues": [1330.7316432, 1025.8384269, 964.21933884, 739.3528125450001, 454.027824195, 251.34660629999996, 489.12320396999996, 560.721203715, 834.4561608, 1019.5913175000002, 1124.945136, 1330.7316432], "winterValue": 6796.05750564, "summerValue": 3329.027811525, "yearValue": 10125.085317165001, "longUnit": "Total GWh per time interval", "shortUnit": "GWh/t"}, "Industrial heating|Solar thermal|Solar": {"monthlyValues": [144.48505296000002, 399.053161584, 572.20928028, 747.97110225, 732.2886938145, 1081.58641335, 816.9258039899998, 893.2220221890001, 700.4998277999999, 461.30701166399996, 288.80432235, 71.0688924735], "winterValue": 1936.9277213115001, "summerValue": 4972.4938633935, "yearValue": 6909.421584705, "longUnit": "Total GWh per time interval", "shortUnit": "GWh/t"},