{"name": "co2-0_no_elec_imports_2050", "data": {"Transport|Total": {"monthlyValues": [2165.2949502, 1991.9685071999997, 2425.7765484, 2293.198335, 2425.1350251, 2351.250972, 2483.1980126999997, 2365.1472443999996, 2343.489966, 2459.7803523, 2301.580251, 2363.2223769], "winterValue": 13707.622985999998, "summerValue": 14261.419555199998, "yearValue": 27969.0425412, "longUnit": "Total GWh per time interval", "shortUnit": "GWh/t"}, "Transport|Hydrogen": {"monthlyValues": [401.83154304000004, 362.94461952000006, 401.83154304000004, 388.86923520000005, 401.83154304000004, 388.86923520000005, 401.83154304000004, 401.83154304000004, 388.86923520000005, 401.83154304000004, 388.86923520000005, 401.83154304000004], "winterValue": 2359.1400268800003, "summerValue": 2372.1023347200003, "yearValue": 4731.2423616, "longUnit": "Total GWh per time interval", "shortUnit": "GWh/t"}, "Transport|Gas": {"monthlyValues": [0.0, 0.0, 0.0, 0.0, 0.0, 0.0, 0.0, 0.0, 0.0, 0.0, 0.0, 0.0], "winterValue": 0.0, "summerValue": 0.0, "yearValue": 0.0, "longUnit": "Total GWh per time interval", "shortUnit": "GWh/t"}, "Transport|Oil": {"monthlyValues": [0.0, 0.0, 0.0, 0.0, 0.0, 0.0, 0.0, 0.0, 0.0, 0.0, 0.0, 0.0], "winterValue": 0.0, "summerValue": 0.0, "yearValue": 0.0, "longUnit": "Total GWh per time interval", "shortUnit": "GWh/t"}, "Transport|Electricity": {"monthlyValues": [1763.46337647, 1629.023928, 2023.9449197999998, 1904.3291204999998, 2023.303443, 1962.381735, 2081.36644548, 1963.31570322, 1954.6206570000002, 2057.9487609, 1912.7110437, 1961.3908971], "winterValue": 11348.48292597, "summerValue": 11889.3171042, "yearValue": 23237.80003017, "longUnit": "Total GWh per time interval", "shortUnit": "GWh/t"}, "Residential heating|Total": {"monthlyValues": [4480.56189105, 3428.6785511999997, 2044.0286697000001, 3456.912402, 1936.6692032550002, 603.8758148400002, 544.279912275, 687.295523571, 482.78987594999995, 1310.165951955, 2718.2813039999996, 4193.430436050001], "winterValue": 18175.146803955, "summerValue": 7711.822731891, "yearValue": 25886.969535846, "longUnit": "Total GWh per time interval", "shortUnit": "GWh/t"}, "Residential heating|Boiler|Biomass": {"monthlyValues": [1464.3375217500002, 1010.2250802, 472.25684831100006, 875.2845519, 415.227120285, 2.400589305, 8.28092739, 1.44249603, 11.81288385, 275.8340753535, 815.8175117999999, 1391.90548545], "winterValue": 5430.3765228645, "summerValue": 1314.44856876, "yearValue": 6744.8250916245, "longUnit": "Total GWh per time interval", "shortUnit": "GWh/t"}, "Residential heating|Boiler|Gas": {"monthlyValues": [0.0, 0.0, 0.0, 0.0, 0.0, 0.0, 0.0, 0.0, 0.0, 0.0, 0.0, 0.0], "winterValue": 0.0, "summerValue": 0.0, "yearValue": 0.0, "longUnit": "Total GWh per time interval", "shortUnit": "GWh/t"}, "Residential heating|Boiler|Oil": {"monthlyValues": [0.0, 0.0, 0.0, 0.0, 0.0, 0.0, 0.0, 0.0, 0.0, 0.0, 0.0, 0.0], "winterValue": 0.0, "summerValue": 0.0, "yearValue": 0.0, "longUnit": "Total GWh per time interval", "shortUnit": "GWh/t"}, "Residential heating|Heat pumps|Electricity": {"monthlyValues": [2810.3708920500007, 2269.7366244, 1351.57200111, 2290.5143639999997, 1222.1046818475, 374.07841569, 343.3897438875, 437.62788911099994, 320.76320715, 870.72918978, 1800.0392534999999, 2776.3202300999997], "winterValue": 11878.76819094, "summerValue": 4988.478301685999, "yearValue": 16867.246492626, "longUnit": "Total GWh per time interval", "shortUnit": "GWh/t"}, "Residential heating|Electric heater|Electricity": {"monthlyValues": [154.6116444, 0.0, 0.0, 0.0, 57.86946948000001, 22.6283085, 15.5883903, 15.5883903, 0.0, 0.0, 0.0, 0.0], "winterValue": 154.6116444, "summerValue": 111.67455858000001, "yearValue": 266.28620298000004, "longUnit": "Total GWh per time interval", "shortUnit": "GWh/t"}, "Residential heating|Solar thermal|Solar": {"monthlyValues": [51.241674657000004, 148.716801828, 220.19982232500004, 291.11352345000006, 241.46792066850003, 204.76850760000002, 177.02085027900003, 232.63674817649996, 150.21378314999998, 163.60270012049997, 102.42455791500001, 25.204608574500003], "winterValue": 711.39016542, "summerValue": 1297.221333324, "yearValue": 2008.611498744, "longUnit": "Total GWh per time interval", "shortUnit": "GWh/t"}, "Distric heating|Total": {"monthlyValues": [1362.61944135, 1188.406779, 1314.6874133999997, 1267.4185965, 1121.95419015, 941.1921135000001, 984.16563195, 927.4369060499998, 1019.1686400000002, 1338.1092774, 1286.6953454999998, 1338.5849817], "winterValue": 7829.103238349999, "summerValue": 6261.33607815, "yearValue": 14090.4393165, "longUnit": "Total GWh per time interval", "shortUnit": "GWh/t"}, "Distric heating|Geothermal": {"monthlyValues": [0.0, 0.0, 0.0, 0.0, 0.0, 0.0, 0.0, 0.0, 0.0, 0.0, 0.0, 0.0], "winterValue": 0.0, "summerValue": 0.0, "yearValue": 0.0, "longUnit": "Total GWh per time interval", "shortUnit": "GWh/t"}, "Distric heating|CHP|Total": {"monthlyValues": [1362.61944135, 1188.406779, 1314.6874133999997, 1267.4185965, 1121.95419015, 941.1921135000001, 984.16563195, 927.4369060499998, 1019.1686400000002, 1338.1092774, 1286.6953454999998, 1338.5849817], "winterValue": 7829.103238349999, "summerValue": 6261.33607815, "yearValue": 14090.4393165, "longUnit": "Total GWh per time interval", "shortUnit": "GWh/t"}, "Distric heating|CHP|Gas": {"monthlyValues": [801.0441168, 678.303486, 750.9788595, 552.8851065, 0.0, 0.0, 0.0, 0.0, 232.39434015, 750.9788595, 735.83729595, 801.0441168], "winterValue": 4518.1867345499995, "summerValue": 785.27944665, "yearValue": 5303.4661811999995, "longUnit": "Total GWh per time interval", "shortUnit": "GWh/t"}, "Distric heating|CHP|Oil": {"monthlyValues": [0.0, 0.0, 0.0, 0.0, 0.0, 0.0, 0.0, 0.0, 0.0, 0.0, 0.0, 0.0], "winterValue": 0.0, "summerValue": 0.0, "yearValue": 0.0, "longUnit": "Total GWh per time interval", "shortUnit": "GWh/t"}, "Distric heating|CHP|Wood": {"monthlyValues": [457.4953464, 413.2216032, 457.4953464, 442.737432, 457.4953464, 442.737432, 457.4953464, 457.4953464, 442.737432, 457.4953464, 442.737432, 457.4953464], "winterValue": 2685.9404208, "summerValue": 2700.6983351999997, "yearValue": 5386.638755999999, "longUnit": "Total GWh per time interval", "shortUnit": "GWh/t"}, "Distric heating|CHP|Waste": {"monthlyValues": [104.079966432, 96.88168929599999, 106.21320750000001, 271.79606115, 664.4588363099999, 498.45467475, 526.670285085, 469.941564765, 344.0368953, 129.6350670825, 108.12061971, 80.045510409], "winterValue": 624.9760604295001, "summerValue": 2775.35831736, "yearValue": 3400.3343777895, "longUnit": "Total GWh per time interval", "shortUnit": "GWh/t"}, "Distric heating|Solar thermal|Solar": {"monthlyValues": [0.0, 0.0, 1.1532e-11, 6.615e-12, 0.0, 0.0, 0.0, 0.0, 0.0, 0.0, 0.0, 0.0], "winterValue": 1.1532e-11, "summerValue": 6.615e-12, "yearValue": 1.8147e-11, "longUnit": "Total GWh per time interval", "shortUnit": "GWh/t"}, "Industrial heating|Total": {"monthlyValues": [3471.2289618000004, 3311.3073042, 3610.9621035000005, 3478.2031305000005, 3194.268702900001, 2966.4156015000003, 2968.8416179500005, 3163.4926407, 3298.1181705000004, 3517.2800740499997, 3382.1348354999996, 3403.6431973500003], "winterValue": 20696.5564764, "summerValue": 19069.33986405, "yearValue": 39765.89634045001, "longUnit": "Total GWh per time interval", "shortUnit": "GWh/t"}, "Industrial heating|Geothermal": {"monthlyValues": [1327.2186239999999, 1024.8964034399999, 973.3731837600001, 803.00135016, 506.923879665, 206.56602135000003, 490.188728685, 503.9773025399999, 818.5787698500001, 1018.7403814500002, 1124.4209085, 1327.2186239999999], "winterValue": 6795.86812515, "summerValue": 3329.2360522500003, "yearValue": 10125.104177399997, "longUnit": "Total GWh per time interval", "shortUnit": "GWh/t"},