{"name": "co2-20_ elec_imports_2050", "data": {"Transport|Total": {"monthlyValues": [2245.4952951, 2064.4075451999997, 2505.9769119, 2370.811581, 2505.3353421, 2428.8641999999995, 2563.3982553, 2445.3475707, 2421.103221, 2539.9806693, 2379.1934880000003, 2443.4227404000003], "winterValue": 14178.4766499, "summerValue": 14734.860170099999, "yearValue": 28913.33682, "longUnit": "Total GWh per time interval", "shortUnit": "GWh/t"}, "Transport|Hydrogen": {"monthlyValues": [0.830111304, 0.749777952, 0.830111304, 0.80333352, 0.830111304, 0.80333352, 0.830111304, 0.830111304, 0.80333352, 0.830111304, 0.80333352, 0.830111304], "winterValue": 4.873556688, "summerValue": 4.900334472, "yearValue": 9.773891160000002, "longUnit": "Total GWh per time interval", "shortUnit": "GWh/t"}, "Transport|Gas": {"monthlyValues": [481.201716, 434.63380799999993, 481.201716, 465.67907999999994, 481.201716, 465.67907999999994, 481.201716, 481.201716, 465.67907999999994, 481.201716, 465.67907999999994, 481.201716], "winterValue": 2825.119752, "summerValue": 2840.6423879999998, "yearValue": 5665.762139999999, "longUnit": "Total GWh per time interval", "shortUnit": "GWh/t"}, "Transport|Oil": {"monthlyValues": [0.0, 0.0, 0.0, 0.0, 0.0, 0.0, 0.0, 0.0, 0.0, 0.0, 0.0, 0.0], "winterValue": 0.0, "summerValue": 0.0, "yearValue": 0.0, "longUnit": "Total GWh per time interval", "shortUnit": "GWh/t"}, "Transport|Electricity": {"monthlyValues": [1763.46337647, 1629.023928, 2023.9449197999998, 1904.3291204999998, 2023.303443, 1962.381735, 2081.36644548, 1963.31570322, 1954.6206570000002, 2057.9487609, 1912.7110437, 1961.3908971], "winterValue": 11348.48292597, "summerValue": 11889.3171042, "yearValue": 23237.80003017, "longUnit": "Total GWh per time interval", "shortUnit": "GWh/t"}, "Residential heating|Total": {"monthlyValues": [5126.80055145, 3932.5821864000004, 2343.3606273, 3920.8079069999994, 2187.4705611900004, 688.28355585, 606.741578535, 757.743666852, 549.7942612500001, 1489.3406884185, 3111.5090925, 4800.0056613], "winterValue": 20803.5988073685, "summerValue": 8710.841530677, "yearValue": 29514.440338045497, "longUnit": "Total GWh per time interval", "shortUnit": "GWh/t"}, "Residential heating|Boiler|Biomass": {"monthlyValues": [2950.08328545, 2190.4108757999998, 1213.41975804, 2107.3233843000003, 1099.74240681, 152.96033924999998, 172.66576369500004, 241.457539218, 171.52499835, 752.7196418700001, 1739.6312625, 2776.4868395999993], "winterValue": 11622.751663259998, "summerValue": 3945.6744316229997, "yearValue": 15568.426094882998, "longUnit": "Total GWh per time interval", "shortUnit": "GWh/t"}, "Residential heating|Boiler|Gas": {"monthlyValues": [0.0, 0.0, 0.0, 0.0, 0.0, 0.0, 0.0, 0.0, 0.0, 0.0, 0.0, 0.0], "winterValue": 0.0, "summerValue": 0.0, "yearValue": 0.0, "longUnit": "Total GWh per time interval", "shortUnit": "GWh/t"}, "Residential heating|Boiler|Oil": {"monthlyValues": [0.0, 0.0, 0.0, 0.0, 0.0, 0.0, 0.0, 0.0, 0.0, 0.0, 0.0, 0.0], "winterValue": 0.0, "summerValue": 0.0, "yearValue": 0.0, "longUnit": "Total GWh per time interval", "shortUnit": "GWh/t"}, "Residential heating|Heat pumps|Electricity": {"monthlyValues": [2033.1332407500004, 1649.1156612, 992.15675646, 1631.3279940000002, 914.842866975, 286.79645745, 250.90147847999998, 318.0685667415, 234.51290415000003, 634.2510133635001, 1307.7883678500002, 2007.7477608], "winterValue": 8624.192800423501, "summerValue": 3636.4502677965006, "yearValue": 12260.64306822, "longUnit": "Total GWh per time interval", "shortUnit": "GWh/t"}, "Residential heating|Electric heater|Electricity": {"monthlyValues": [111.52086815999999, 0.0, 0.0, 0.0, 0.0, 0.0, 0.0, 0.0, 0.0, 0.0, 0.0, 0.0], "winterValue": 111.52086815999999, "summerValue": 0.0, "yearValue": 111.52086815999999, "longUnit": "Total GWh per time interval", "shortUnit": "GWh/t"}, "Residential heating|Solar thermal|Solar": {"monthlyValues": [32.063108962499996, 93.055564686, 137.78414614049998, 182.15649944999998, 172.885297356, 248.52676004999995, 183.1743450555, 198.21756070650002, 143.75636082, 102.37001114399999, 64.08942597000001, 15.771109166999999], "winterValue": 445.13336607, "summerValue": 1128.7168234380001, "yearValue": 1573.8501895080003, "longUnit": "Total GWh per time interval", "shortUnit": "GWh/t"}, "Distric heating|Total": {"monthlyValues": [1656.99046275, 1498.9323048, 1695.2343133499999, 1537.4787075000002, 1219.88736585, 1058.4595575, 1078.8260028, 1054.6858579500001, 1327.6897245, 1247.0346471000003, 1545.5161215, 1654.8525741], "winterValue": 9298.5604236, "summerValue": 7277.027216100001, "yearValue": 16575.587639700003, "longUnit": "Total GWh per time interval", "shortUnit": "GWh/t"}, "Distric heating|Geothermal": {"monthlyValues": [69.36965232, 62.65646016, 69.36965232, 67.1319216, 62.03937209249999, 49.69922823, 45.5627014065, 49.659473655, 50.911462845, 61.98722745749999, 66.71604869999999, 69.36965232], "winterValue": 399.4686932775, "summerValue": 325.004159829, "yearValue": 724.4728531065, "longUnit": "Total GWh per time interval", "shortUnit": "GWh/t"}, "Distric heating|CHP|Total": {"monthlyValues": [1587.6208420499997, 1436.2758564, 1625.8647019500002, 1470.346794, 1157.8480051500003, 1008.7603290000003, 1033.2633312, 1005.0263782499998, 1276.778286, 1185.0474129, 1478.8000934999998, 1585.4829719999998], "winterValue": 8899.0918788, "summerValue": 6952.0231236, "yearValue": 15851.1150024, "longUnit": "Total GWh per time interval", "shortUnit": "GWh/t"}, "Distric heating|CHP|Gas": {"monthlyValues": [623.3586516, 563.0336208, 623.3586516, 508.9924440000001, 144.33405490500002, 0.0, 0.0, 0.0, 312.9839001, 189.12657490500004, 532.6084638, 623.3586516], "winterValue": 3154.844614305, "summerValue": 966.3103990050001, "yearValue": 4121.155013309999, "longUnit": "Total GWh per time interval", "shortUnit": "GWh/t"}, "Distric heating|CHP|Oil": {"monthlyValues": [0.0, 0.0, 0.0, 0.0, 0.0, 0.0, 0.0, 0.0, 0.0, 0.0, 0.0, 0.0], "winterValue": 0.0, "summerValue": 0.0, "yearValue": 0.0, "longUnit": "Total GWh per time interval", "shortUnit": "GWh/t"}, "Distric heating|CHP|Wood": {"monthlyValues": [246.38162640000002, 222.5382432, 246.38162640000002, 238.433832, 246.38162640000002, 238.433832, 246.38162640000002, 246.38162640000002, 238.433832, 246.38162640000002, 238.433832, 246.38162640000002], "winterValue": 1446.4985808, "summerValue": 1454.4463752, "yearValue": 2900.9449560000003, "longUnit": "Total GWh per time interval", "shortUnit": "GWh/t"}, "Distric heating|CHP|Waste": {"monthlyValues": [717.8805700949999, 650.7040121399999, 756.12444255, 722.9205404999999, 767.1323294249999, 770.3265140999999, 786.881697825, 758.6447751000001, 725.3605548, 749.5392334499999, 707.7578112, 715.74268935], "winterValue": 4297.748758784999, "summerValue": 4531.26641175, "yearValue": 8829.015170534998, "longUnit": "Total GWh per time interval", "shortUnit": "GWh/t"}, "Distric heating|Solar thermal|Solar": {"monthlyValues": [0.0, 0.0, 0.0, 0.0, 0.0, 0.0, 0.0, 0.0, 0.0, 0.0, 0.0, 0.0], "winterValue": 0.0, "summerValue": 0.0, "yearValue": 0.0, "longUnit": "Total GWh per time interval", "shortUnit": "GWh/t"}, "Industrial heating|Total": {"monthlyValues": [1954.7960067000001, 1637.5503311999998, 1635.16742685, 1597.885659, 1501.36908015, 1278.3540285000001, 1331.9651672999998, 1501.0206789000001, 1589.302278, 1642.2790252500001, 1742.986782, 1957.1047782], "winterValue": 10569.8843502, "summerValue": 8799.89689185, "yearValue": 19369.781242049994, "longUnit": "Total GWh per time interval", "shortUnit": "GWh/t"}, "Industrial heating|Geothermal": {"monthlyValues": [986.434632, 806.2901473200001, 798.9221227799999, 773.1504413999999, 706.376974155, 594.0308052, 613.8318320400001, 706.376974155, 773.1504351, 798.922119525, 863.8822975499999, 986.434632], "winterValue": 5240.885951175, "summerValue": 4166.91746205, "yearValue": 9407.803413225, "longUnit": "Total GWh per time interval", "shortUnit": "GWh/t"},