{"name": "co2--5_ elec_imports_2050", "data": {"Transport|Total": {"monthlyValues": [2165.2949502, 1991.9685071999997, 2425.7765484, 2293.198335, 2425.1350251, 2351.250972, 2483.1980126999997, 2365.1472443999996, 2343.489966, 2459.7803523, 2301.580251, 2363.2223769], "winterValue": 13707.622985999998, "summerValue": 14261.419555199998, "yearValue": 27969.0425412, "longUnit": "Total GWh per time interval", "shortUnit": "GWh/t"}, "Transport|Hydrogen": {"monthlyValues": [401.83154304000004, 362.94461952000006, 401.83154304000004, 388.86923520000005, 401.83154304000004, 388.86923520000005, 401.83154304000004, 401.83154304000004, 388.86923520000005, 401.83154304000004, 388.86923520000005, 401.83154304000004], "winterValue": 2359.1400268800003, "summerValue": 2372.1023347200003, "yearValue": 4731.2423616, "longUnit": "Total GWh per time interval", "shortUnit": "GWh/t"}, "Transport|Gas": {"monthlyValues": [0.0, 0.0, 0.0, 0.0, 0.0, 0.0, 0.0, 0.0, 0.0, 0.0, 0.0, 0.0], "winterValue": 0.0, "summerValue": 0.0, "yearValue": 0.0, "longUnit": "Total GWh per time interval", "shortUnit": "GWh/t"}, "Transport|Oil": {"monthlyValues": [0.0, 0.0, 0.0, 0.0, 0.0, 0.0, 0.0, 0.0, 0.0, 0.0, 0.0, 0.0], "winterValue": 0.0, "summerValue": 0.0, "yearValue": 0.0, "longUnit": "Total GWh per time interval", "shortUnit": "GWh/t"}, "Transport|Electricity": {"monthlyValues": [1763.46337647, 1629.023928, 2023.9449197999998, 1904.3291204999998, 2023.303443, 1962.381735, 2081.36644548, 1963.31570322, 1954.6206570000002, 2057.9487609, 1912.7110437, 1961.3908971], "winterValue": 11348.48292597, "summerValue": 11889.3171042, "yearValue": 23237.80003017, "longUnit": "Total GWh per time interval", "shortUnit": "GWh/t"}, "Residential heating|Total": {"monthlyValues": [4482.518522699999, 3430.1764728, 2039.7745381500001, 3454.2576269999995, 1937.51399805, 604.5275161349999, 539.76856179, 687.541916097, 481.82862600000004, 1294.8385768499998, 2714.7530115, 4195.262577899999], "winterValue": 18157.3236999, "summerValue": 7705.438245072, "yearValue": 25862.761944972, "longUnit": "Total GWh per time interval", "shortUnit": "GWh/t"}, "Residential heating|Boiler|Biomass": {"monthlyValues": [1464.3375171000002, 1010.2250830140001, 472.25685156599997, 875.2845473999998, 415.22712958500006, 2.40058935, 8.280927157499999, 1.44249603, 11.812882499999999, 275.8340781435, 815.8175090999999, 1391.9054854500002], "winterValue": 5430.376524373501, "summerValue": 1314.4485720224998, "yearValue": 6744.825096396001, "longUnit": "Total GWh per time interval", "shortUnit": "GWh/t"}, "Residential heating|Boiler|Gas": {"monthlyValues": [0.0, 0.0, 0.0, 0.0, 0.0, 0.0, 0.0, 0.0, 0.0, 0.0, 0.0, 0.0], "winterValue": 0.0, "summerValue": 0.0, "yearValue": 0.0, "longUnit": "Total GWh per time interval", "shortUnit": "GWh/t"}, "Residential heating|Boiler|Oil": {"monthlyValues": [0.0, 0.0, 0.0, 0.0, 0.0, 0.0, 0.0, 0.0, 0.0, 0.0, 0.0, 0.0], "winterValue": 0.0, "summerValue": 0.0, "yearValue": 0.0, "longUnit": "Total GWh per time interval", "shortUnit": "GWh/t"}, "Residential heating|Heat pumps|Electricity": {"monthlyValues": [2812.2256143, 2271.2345166, 1347.317826315, 2277.6038234999996, 1221.9901676924999, 377.86800703499995, 338.852885595, 453.462667752, 319.8019671, 855.401780265, 1796.5108979999998, 2778.15245565], "winterValue": 11860.843091129998, "summerValue": 4989.5795186745, "yearValue": 16850.4226098045, "longUnit": "Total GWh per time interval", "shortUnit": "GWh/t"}, "Residential heating|Electric heater|Electricity": {"monthlyValues": [154.713684, 0.0, 0.0, 10.2557412, 58.828705704, 19.490406975, 15.61389834, 0.0, 0.0, 0.0, 0.0, 0.0], "winterValue": 154.713684, "summerValue": 104.18875221900001, "yearValue": 258.902436219, "longUnit": "Total GWh per time interval", "shortUnit": "GWh/t"}, "Residential heating|Solar thermal|Solar": {"monthlyValues": [51.241674657000004, 148.716801828, 220.19982232500004, 291.11352345000006, 241.46792066850003, 204.76850760000002, 177.02085027900003, 232.63674817649996, 150.21378314999998, 163.60270012049997, 102.42455791500001, 25.204608574500003], "winterValue": 711.39016542, "summerValue": 1297.221333324, "yearValue": 2008.611498744, "longUnit": "Total GWh per time interval", "shortUnit": "GWh/t"}, "Distric heating|Total": {"monthlyValues": [900.7500027000001, 793.9490285999999, 893.1064861500001, 901.5348329999998, 994.0520853, 895.7932920000001, 948.1365345000002, 894.0186626999998, 852.9392448, 898.0103928899999, 857.8917945000001, 882.98378955], "winterValue": 5226.691494390001, "summerValue": 5486.474652299999, "yearValue": 10713.16614669, "longUnit": "Total GWh per time interval", "shortUnit": "GWh/t"}, "Distric heating|Geothermal": {"monthlyValues": [0.0, 0.0, 0.0, 0.0, 0.0, 0.0, 0.0, 0.0, 0.0, 0.0, 0.0, 0.0], "winterValue": 0.0, "summerValue": 0.0, "yearValue": 0.0, "longUnit": "Total GWh per time interval", "shortUnit": "GWh/t"}, "Distric heating|CHP|Total": {"monthlyValues": [900.7500027000001, 793.9490285999999, 893.1064861500001, 901.5348329999998, 994.0520853, 895.7932920000001, 948.1365345000002, 894.0186626999998, 852.9392448, 898.0103928899999, 857.8917945000001, 882.98378955], "winterValue": 5226.691494390001, "summerValue": 5486.474652299999, "yearValue": 10713.16614669, "longUnit": "Total GWh per time interval", "shortUnit": "GWh/t"}, "Distric heating|CHP|Gas": {"monthlyValues": [0.0, 0.0, 0.0, 0.0, 0.0, 0.0, 0.0, 0.0, 0.0, 0.0, 0.0, 0.0], "winterValue": 0.0, "summerValue": 0.0, "yearValue": 0.0, "longUnit": "Total GWh per time interval", "shortUnit": "GWh/t"}, "Distric heating|CHP|Oil": {"monthlyValues": [0.0, 0.0, 0.0, 0.0, 0.0, 0.0, 0.0, 0.0, 0.0, 0.0, 0.0, 0.0], "winterValue": 0.0, "summerValue": 0.0, "yearValue": 0.0, "longUnit": "Total GWh per time interval", "shortUnit": "GWh/t"}, "Distric heating|CHP|Wood": {"monthlyValues": [246.38162640000002, 222.5382432, 246.38162640000002, 260.01339975, 396.02561535, 286.15194675, 268.902913275, 268.878635625, 249.4988055, 246.38162640000002, 238.433832, 246.38162640000002], "winterValue": 1446.4985808, "summerValue": 1729.4713162500002, "yearValue": 3175.9698970500003, "longUnit": "Total GWh per time interval", "shortUnit": "GWh/t"}, "Distric heating|CHP|Waste": {"monthlyValues": [654.368367, 571.41078246, 646.7248709099999, 641.5214328, 598.0264485600001, 609.6413457, 679.233615459, 625.1400283305001, 603.4404428999999, 651.628790205, 619.45796295, 636.6021636150001], "winterValue": 3780.19293714, "summerValue": 3757.0033137495, "yearValue": 7537.1962508895, "longUnit": "Total GWh per time interval", "shortUnit": "GWh/t"}, "Distric heating|Solar thermal|Solar": {"monthlyValues": [0.0, 0.0, 0.0, 0.0, 0.0, 0.0, 0.0, 0.0, 8.01e-12, 0.0, 0.0, 0.0], "winterValue": 0.0, "summerValue": 8.01e-12, "yearValue": 8.01e-12, "longUnit": "Total GWh per time interval", "shortUnit": "GWh/t"}, "Industrial heating|Total": {"monthlyValues": [3620.4561154499993, 3733.7054916, 4121.4878076, 4202.686332000001, 3886.9532094, 4096.610162999999, 3885.3687730499996, 4041.3350647499997, 4223.6706285, 3964.2462999, 3687.9700814999997, 3457.85839365], "winterValue": 22585.7241897, "summerValue": 24336.6241707, "yearValue": 46922.3483604, "longUnit": "Total GWh per time interval", "shortUnit": "GWh/t"}, "Industrial heating|Geothermal": {"monthlyValues": [1510.7193048, 1173.4069695599999, 1046.5014650249998, 706.0014067500001, 329.1250098, 63.4663377, 305.05859721, 166.41580424999998, 845.7117043500001, 1150.73366232, 1302.4964628, 1510.7193048], "winterValue": 7694.577169304999, "summerValue": 2415.77886006, "yearValue": 10110.356029365, "longUnit": "Total GWh per time interval", "shortUnit": "GWh/t"}, "Industrial heating|Solar thermal|Solar": {"monthlyValues": [357.75636738000003, 997.4451955019998, 1399.9797068550001, 1870.2006839999997, 1823.5652378519999, 2489.1145650000003, 2005.91715345, 2199.6514061474995, 1732.4623318499998, 1142.2324179299999, 715.1022630000001, 175.97215805250002], "winterValue": 4788.4881087195,