{"name": "co2-25_no_elec_imports_2050", "data": {"Transport|Total": {"monthlyValues": [2245.4952951, 2064.4075451999997, 2505.9769119, 2370.811581, 2505.3353421, 2428.8641999999995, 2563.3982553, 2445.3475707, 2421.103221, 2539.9806693, 2379.1934880000003, 2443.4227404000003], "winterValue": 14178.4766499, "summerValue": 14734.860170099999, "yearValue": 28913.33682, "longUnit": "Total GWh per time interval", "shortUnit": "GWh/t"}, "Transport|Hydrogen": {"monthlyValues": [0.830111304, 0.749777952, 0.830111304, 0.80333352, 0.830111304, 0.80333352, 0.830111304, 0.830111304, 0.80333352, 0.830111304, 0.80333352, 0.830111304], "winterValue": 4.873556688, "summerValue": 4.900334472, "yearValue": 9.773891160000002, "longUnit": "Total GWh per time interval", "shortUnit": "GWh/t"}, "Transport|Gas": {"monthlyValues": [481.201716, 434.63380799999993, 481.201716, 465.67907999999994, 481.201716, 465.67907999999994, 481.201716, 481.201716, 465.67907999999994, 481.201716, 465.67907999999994, 481.201716], "winterValue": 2825.119752, "summerValue": 2840.6423879999998, "yearValue": 5665.762139999999, "longUnit": "Total GWh per time interval", "shortUnit": "GWh/t"}, "Transport|Oil": {"monthlyValues": [0.0, 0.0, 0.0, 0.0, 0.0, 0.0, 0.0, 0.0, 0.0, 0.0, 0.0, 0.0], "winterValue": 0.0, "summerValue": 0.0, "yearValue": 0.0, "longUnit": "Total GWh per time interval", "shortUnit": "GWh/t"}, "Transport|Electricity": {"monthlyValues": [1763.46337647, 1629.023928, 2023.9449197999998, 1904.3291204999998, 2023.303443, 1962.381735, 2081.36644548, 1963.31570322, 1954.6206570000002, 2057.9487609, 1912.7110437, 1961.3908971], "winterValue": 11348.48292597, "summerValue": 11889.3171042, "yearValue": 23237.80003017, "longUnit": "Total GWh per time interval", "shortUnit": "GWh/t"}, "Residential heating|Total": {"monthlyValues": [5736.09352035, 4455.6696408, 2734.8452526000005, 4200.025599, 2346.866350185, 716.673897, 626.385914316, 760.7273475825, 665.4575711250001, 1761.08989185, 3524.4280305, 5366.35151385], "winterValue": 23578.477849950003, "summerValue": 9316.1366792085, "yearValue": 32894.6145291585, "longUnit": "Total GWh per time interval", "shortUnit": "GWh/t"}, "Residential heating|Boiler|Biomass": {"monthlyValues": [2370.6970008000003, 1770.9075006, 994.334730435, 1718.0266904999999, 907.1489190359999, 157.85728362000003, 165.3695441595, 222.1293642375, 151.01897355, 619.3161850739999, 1404.9457200000002, 2228.9714642999998], "winterValue": 9389.172601209, "summerValue": 3321.5507751029995, "yearValue": 12710.723376311998, "longUnit": "Total GWh per time interval", "shortUnit": "GWh/t"}, "Residential heating|Boiler|Gas": {"monthlyValues": [289.55183394, 222.14103323999998, 131.267173512, 221.595579, 122.685385635, 37.99959691499999, 34.382152591499995, 42.034005382500006, 30.028358609999998, 82.75011580950002, 175.26955184999997, 270.31940185499997], "winterValue": 1171.2991102065, "summerValue": 488.725078134, "yearValue": 1660.0241883405, "longUnit": "Total GWh per time interval", "shortUnit": "GWh/t"}, "Residential heating|Boiler|Oil": {"monthlyValues": [0.0, 0.0, 0.0, 0.0, 0.0, 0.0, 0.0, 0.0, 0.0, 0.0, 0.0, 0.0], "winterValue": 0.0, "summerValue": 0.0, "yearValue": 0.0, "longUnit": "Total GWh per time interval", "shortUnit": "GWh/t"}, "Residential heating|Heat pumps|Electricity": {"monthlyValues": [2898.4990219500005, 2400.2028582000003, 1520.01214845, 2142.4358384999996, 1205.0687770050001, 359.8670926799999, 308.00759624100004, 368.19513006, 383.73833722500007, 992.7271780049999, 1902.7074375, 2856.8470422], "winterValue": 12570.995686305, "summerValue": 4767.312771710999, "yearValue": 17338.308458016, "longUnit": "Total GWh per time interval", "shortUnit": "GWh/t"}, "Residential heating|Electric heater|Electricity": {"monthlyValues": [156.58107192, 2.1539649599999997, 0.0, 0.0, 0.0, 0.0, 0.0, 0.0, 0.0, 0.0, 0.0, 0.0], "winterValue": 158.73503688, "summerValue": 0.0, "yearValue": 158.73503688, "longUnit": "Total GWh per time interval", "shortUnit": "GWh/t"}, "Residential heating|Solar thermal|Solar": {"monthlyValues": [20.764579743, 60.264265404, 89.23120987499999, 117.96745185, 111.96327478650001, 160.94988832500002, 118.62662988000001, 128.368850832, 100.67190484500001, 66.2964507195, 41.505335190000004, 10.213621398], "winterValue": 288.2754623295, "summerValue": 738.5480005185, "yearValue": 1026.823462848, "longUnit": "Total GWh per time interval", "shortUnit": "GWh/t"}, "Distric heating|Total": {"monthlyValues": [2301.85332765, 2082.442593, 2305.7967183, 2050.977582, 1502.4881584500001, 1144.2568365000002, 1157.57189745, 1148.57585865, 1232.2826595000001, 1748.9165778000001, 2171.7669239999996, 2299.014405], "winterValue": 12909.79054575, "summerValue": 8236.15299255, "yearValue": 21145.943538300002, "longUnit": "Total GWh per time interval", "shortUnit": "GWh/t"}, "Distric heating|Geothermal": {"monthlyValues": [54.15517223999999, 48.91434912, 54.15517223999999, 52.408231199999996, 49.78723668299999, 39.15242676, 37.993051827, 39.8344143015, 39.94105203, 50.051065639499996, 52.408231199999996, 54.15517223999999], "winterValue": 313.83916267949996, "summerValue": 259.1164128015, "yearValue": 572.9555754809999, "longUnit": "Total GWh per time interval", "shortUnit": "GWh/t"}, "Distric heating|CHP|Total": {"monthlyValues": [2247.6981674999997, 2033.5282505999999, 2251.6415581499996, 1998.56934, 1452.70092465, 1105.1044155, 1119.5788446, 1108.74143835, 1192.3416135, 1698.8655122999999, 2119.3587135000002, 2244.85924485], "winterValue": 12595.951446899999, "summerValue": 7977.0365765999995, "yearValue": 20572.9880235, "longUnit": "Total GWh per time interval", "shortUnit": "GWh/t"}, "Distric heating|CHP|Gas": {"monthlyValues": [1271.858328, 1139.2759014, 1246.1980656, 1019.4436737, 426.9058475475, 95.21585649, 75.702360375, 85.0809801105, 216.321152895, 689.941196685, 1160.362656, 1271.858328], "winterValue": 6779.494475685001, "summerValue": 1918.669871118, "yearValue": 8698.164346803, "longUnit": "Total GWh per time interval", "shortUnit": "GWh/t"}, "Distric heating|CHP|Oil": {"monthlyValues": [0.0, 0.0, 0.0, 0.0, 0.0, 0.0, 0.0, 0.0, 0.0, 0.0, 0.0, 0.0], "winterValue": 0.0, "summerValue": 0.0, "yearValue": 0.0, "longUnit": "Total GWh per time interval", "shortUnit": "GWh/t"}, "Distric heating|CHP|Wood": {"monthlyValues": [246.38162640000002, 222.5382432, 246.38162640000002, 238.433832, 246.38162640000002, 238.433832, 246.38162640000002, 246.38162640000002, 238.433832, 246.38162640000002, 238.433832, 246.38162640000002], "winterValue": 1446.4985808, "summerValue": 1454.4463752, "yearValue": 2900.9449560000003, "longUnit": "Total GWh per time interval", "shortUnit": "GWh/t"}, "Distric heating|CHP|Waste": {"monthlyValues": [729.45820101, 671.71411524, 759.0618429, 740.6918113500001, 779.4134360549999, 771.45471, 797.4948415499998, 777.2788191449999, 737.5866254999999, 762.54262179, 720.5622156, 726.619288125], "winterValue": 4369.958284665, "summerValue": 4603.9202436, "yearValue": 8973.878528265, "longUnit": "Total GWh per time interval", "shortUnit": "GWh/t"}, "Distric heating|Solar thermal|Solar": {"monthlyValues": [0.0, 0.0, 0.0, 0.0, 0.0, 0.0, 0.0, 0.0, 0.0, 0.0, 0.0, 0.0], "winterValue": 0.0, "summerValue": 0.0, "yearValue": 0.0, "longUnit": "Total GWh per time interval", "shortUnit": "GWh/t"}, "Industrial heating|Total": {"monthlyValues": [1957.2915872999997, 1627.1705645999998, 1644.1600850999998, 1584.4511564999998, 1483.443, 1282.8362715, 1325.2465218, 1485.7482281999996, 1587.8045745, 1640.332047, 1742.269113, 1960.3574625], "winterValue": 10571.5808595, "summerValue": 8749.529752499999, "yearValue": 19321.110611999997, "longUnit": "Total GWh per time interval", "shortUnit": "GWh/t"}, "Industrial heating|Geothermal": {"monthlyValues": [1002.3373344, 819.2886928800001, 811.8019141200001, 785.6147556000001, 717.7647990449999, 603.6074451, 623.72769327, 717.7647990449999, 785.6147466, 811.80190482, 877.8093138, 1002.3373344], "winterValue": 5325.37649442,